date,open,high,low,volume,sentiment,close
2018-01-01,1060.0,1060.0,1060.0,0,1.0,1060.0
2018-01-02,1080.0,1080.0,1060.0,265000,1.0,1070.0
2018-01-03,1080.0,1080.0,1065.0,230000,1.0,1070.0
2018-01-04,1050.0,1075.0,1050.0,410000,1.0,1060.0
2018-01-05,1070.0,1070.0,1065.0,267000,1.0,1065.0
2018-01-08,1040.0,1060.0,1020.0,311000,1.0,1040.0
2018-01-09,1040.0,1050.0,1040.0,67000,1.0,1050.0
2018-01-10,1047.5,1050.0,930.0,544000,1.0,950.0
2018-01-11,975.0,1075.0,975.0,654000,1.0,1055.0
2018-01-12,1070.0,1070.0,1020.0,22000,1.0,1025.0
2018-01-15,1027.5,1080.0,1027.5,331000,1.0,1080.0
2018-01-16,1070.0,1070.0,1065.0,66000,0.0,1065.0
2018-01-17,1070.0,1070.0,1065.0,350000,0.0,1065.0
2018-01-18,1070.0,1090.0,1070.0,426000,0.0,1090.0
2018-01-19,1075.0,1080.0,1075.0,243000,0.0,1075.0
2018-01-22,1080.0,1080.0,1070.0,71000,1.0,1070.0
2018-01-23,1080.0,1080.0,1077.5,34000,1.0,1077.5
2018-01-24,1080.0,1090.0,1080.0,407000,1.0,1090.0
2018-01-25,1090.0,1095.0,1090.0,102000,1.0,1092.5
2018-01-26,1092.5,1095.0,1092.5,131000,1.0,1092.5
2018-01-29,1090.0,1090.0,1085.0,21000,1.0,1085.0
2018-01-30,1085.0,1090.0,1080.0,25000,1.0,1080.0
2018-01-31,1070.0,1070.0,1060.0,29000,1.0,1070.0
2018-02-01,1050.0,1050.0,1030.0,69000,0.0,1050.0
2018-02-02,1050.0,1050.0,1050.0,0,1.0,1050.0
2018-02-05,1080.0,1080.0,1070.0,23000,1.0,1070.0
2018-02-06,1070.0,1080.0,1070.0,82000,1.0,1080.0
2018-02-07,1070.0,1080.0,1070.0,38000,1.0,1070.0
2018-02-08,1075.0,1075.0,1075.0,5000,1.0,1075.0
2018-02-09,1075.0,1075.0,1075.0,155000,1.0,1075.0
2018-02-12,1080.0,1080.0,1075.0,202000,1.0,1080.0
2018-02-13,1080.0,1080.0,1075.0,107000,1.0,1080.0
2018-02-14,1075.0,1075.0,1075.0,51000,1.0,1075.0
2018-02-15,1080.0,1080.0,1075.0,113000,0.0,1080.0
2018-02-16,1080.0,1080.0,1080.0,0,0.0,1080.0
2018-02-19,1077.5,1077.5,1075.0,51000,1.0,1075.0
2018-02-20,1085.0,1085.0,1075.0,65000,1.0,1075.0
2018-02-21,1080.0,1080.0,1075.0,22000,1.0,1080.0
2018-02-22,1080.0,1080.0,1070.0,318000,1.0,1070.0
2018-02-23,1080.0,1080.0,1070.0,110000,1.0,1070.0
2018-02-26,1075.0,1080.0,1075.0,32000,1.0,1075.0
2018-02-27,1077.5,1077.5,1075.0,9000,1.0,1075.0
2018-02-28,1075.0,1075.0,1075.0,10000,1.0,1075.0
2018-03-01,1075.0,1077.5,1075.0,116000,1.0,1075.0
2018-03-02,1075.0,1075.0,1075.0,50000,1.0,1075.0
2018-03-05,1075.0,1075.0,1075.0,0,1.0,1075.0
2018-03-06,1075.0,1075.0,1075.0,8000,1.0,1075.0
2018-03-07,1075.0,1075.0,1070.0,44000,1.0,1070.0
2018-03-08,1075.0,1075.0,1075.0,8000,1.0,1075.0
2018-03-09,1075.0,1075.0,1075.0,20000,1.0,1075.0
2018-03-12,1075.0,1075.0,1075.0,0,1.0,1075.0
2018-03-13,1075.0,1075.0,1075.0,10000,1.0,1075.0
2018-03-14,1075.0,1075.0,1075.0,5000,1.0,1075.0
2018-03-15,1070.0,1070.0,1065.0,18000,1.0,1065.0
2018-03-16,1075.0,1075.0,1070.0,42000,1.0,1070.0
2018-03-19,1075.0,1075.0,1075.0,18000,1.0,1075.0
2018-03-20,1075.0,1075.0,1075.0,0,1.0,1075.0
2018-03-21,1075.0,1080.0,1075.0,47000,1.0,1080.0
2018-03-22,1080.0,1080.0,1080.0,0,1.0,1080.0
2018-03-23,1080.0,1080.0,1080.0,1000,1.0,1080.0
2018-03-26,1080.0,1080.0,1080.0,0,1.0,1080.0
2018-03-27,1077.5,1077.5,1077.5,18000,1.0,1077.5
2018-03-28,1077.5,1077.5,1070.0,2000,1.0,1070.0
2018-03-29,1070.0,1070.0,1070.0,0,1.0,1070.0
2018-03-30,1070.0,1070.0,1070.0,0,1.0,1070.0
2018-04-02,1070.0,1070.0,1070.0,0,1.0,1070.0
2018-04-03,1070.0,1070.0,1070.0,0,1.0,1070.0
2018-04-04,1070.0,1070.0,1070.0,0,1.0,1070.0
2018-04-05,1070.0,1070.0,1070.0,0,1.0,1070.0
2018-04-06,1070.0,1070.0,1070.0,0,1.0,1070.0
2018-04-09,1070.0,1070.0,1070.0,13000,1.0,1070.0
2018-04-10,1070.0,1070.0,1070.0,17000,1.0,1070.0
2018-04-11,1070.0,1070.0,1070.0,0,1.0,1070.0
2018-04-12,1070.0,1070.0,1070.0,0,1.0,1070.0
2018-04-13,1085.0,1085.0,1080.0,51000,1.0,1080.0
2018-04-16,1080.0,1080.0,1080.0,0,1.0,1080.0
2018-04-17,1080.0,1080.0,1080.0,0,1.0,1080.0
2018-04-18,1085.0,1085.0,1085.0,50000,1.0,1085.0
2018-04-19,1085.0,1085.0,1085.0,0,1.0,1085.0
2018-04-20,1085.0,1085.0,1085.0,0,1.0,1085.0
2018-04-23,1100.0,1100.0,1090.0,90000,1.0,1100.0
2018-04-24,1100.0,1100.0,1100.0,1000,0.0,1100.0
2018-04-25,1100.0,1100.0,1100.0,0,1.0,1100.0
2018-04-26,1100.0,1100.0,1100.0,0,1.0,1100.0
2018-04-27,1100.0,1100.0,1100.0,0,1.0,1100.0
2018-04-30,1260.0,1260.0,1097.5,3000,1.0,1097.5
2018-05-01,1097.5,1097.5,1097.5,0,1.0,1097.5
2018-05-02,1097.5,1097.5,1097.5,9000,1.0,1097.5
2018-05-03,1097.5,1097.5,1097.5,0,1.0,1097.5
2018-05-04,1097.5,1097.5,1092.5,215000,1.0,1095.0
2018-05-07,1095.0,1095.0,1095.0,50000,1.0,1095.0
2018-05-08,1095.0,1095.0,1095.0,52000,1.0,1095.0
2018-05-09,1095.0,1095.0,1095.0,9000,1.0,1095.0
2018-05-10,1095.0,1095.0,1095.0,0,1.0,1095.0
2018-05-11,1095.0,1095.0,1095.0,0,1.0,1095.0
2018-05-14,1090.0,1090.0,1090.0,1000,1.0,1090.0
2018-05-15,1090.0,1090.0,1090.0,0,1.0,1090.0
2018-05-16,1090.0,1090.0,1090.0,0,1.0,1090.0
2018-05-17,1087.5,1090.0,1087.5,38000,1.0,1090.0
2018-05-18,1090.0,1090.0,1090.0,0,1.0,1090.0
2018-05-21,1090.0,1090.0,1090.0,0,1.0,1090.0
2018-05-22,1090.0,1090.0,1090.0,0,1.0,1090.0
2018-05-23,1087.5,1087.5,875.0,11000,1.0,875.0
2018-05-24,902.5,1050.0,900.0,12000,1.0,1050.0
2018-05-25,1050.0,1050.0,1050.0,0,1.0,1050.0
2018-05-28,1095.0,1095.0,1095.0,70000,1.0,1095.0
2018-05-29,1095.0,1095.0,1095.0,0,-1.0,1095.0
2018-05-30,1110.0,1110.0,1090.0,77000,1.0,1110.0
2018-05-31,1100.0,1125.0,1100.0,2038000,0.0,1110.0
2018-06-01,1110.0,1110.0,1110.0,0,0.0,1110.0
2018-06-04,1107.5,1125.0,1107.5,1450000,1.0,1125.0
2018-06-05,1130.0,1135.0,1115.0,497000,0.0,1125.0
2018-06-06,1125.0,1132.5,1120.0,1661000,0.0,1132.5
2018-06-07,1135.0,1140.0,1130.0,2479000,0.0,1137.5
2018-06-08,1125.0,1130.0,1060.0,85000,0.0,1060.0
2018-06-11,1060.0,1060.0,1060.0,0,0.0,1060.0
2018-06-12,1060.0,1060.0,1060.0,0,0.0,1060.0
2018-06-13,1060.0,1060.0,1060.0,0,0.0,1060.0
2018-06-14,1060.0,1060.0,1060.0,0,0.0,1060.0
2018-06-15,1060.0,1060.0,1060.0,0,0.0,1060.0
2018-06-18,1060.0,1060.0,1060.0,0,0.0,1060.0
2018-06-19,1060.0,1060.0,1060.0,0,0.0,1060.0
2018-06-20,1060.0,1065.0,1060.0,11000,1.0,1065.0
2018-06-21,1110.0,1135.0,1110.0,333000,1.0,1135.0
2018-06-22,1135.0,1200.0,1135.0,1767000,0.0,1200.0
2018-06-25,1200.0,1200.0,1190.0,665000,1.0,1195.0
2018-06-26,1197.5,1427.5,1195.0,690000,0.0,1400.0
2018-06-27,1680.0,1680.0,1395.0,138000,0.0,1395.0
2018-06-28,1400.0,1500.0,1400.0,208000,1.0,1450.0
2018-06-29,1400.0,1452.5,1385.0,589000,1.0,1452.5
2018-07-02,1452.5,1452.5,1445.0,306000,1.0,1445.0
2018-07-03,1447.5,1447.5,1442.5,500000,1.0,1447.5
2018-07-04,1450.0,1470.0,1447.5,434000,1.0,1447.5
2018-07-05,1460.0,1462.5,1455.0,294000,1.0,1462.5
2018-07-06,1462.5,1650.0,1462.5,158000,1.0,1565.0
2018-07-09,1565.0,1600.0,1560.0,158000,1.0,1595.0
2018-07-10,1595.0,1800.0,1595.0,300000,1.0,1690.0
2018-07-11,1690.0,1825.0,1690.0,99000,1.0,1755.0
2018-07-12,1755.0,1757.5,1752.5,454000,1.0,1757.5
2018-07-13,1757.5,1760.0,1755.0,437000,1.0,1760.0
2018-07-16,1760.0,1760.0,1755.0,446000,1.0,1760.0
2018-07-17,1757.5,1760.0,1755.0,193000,1.0,1755.0
2018-07-18,1750.0,1757.5,1750.0,259000,1.0,1755.0
2018-07-19,1757.5,1850.0,1750.0,1022000,1.0,1850.0
2018-07-20,1850.0,1850.0,1840.0,247000,1.0,1842.5
2018-07-23,1850.0,1850.0,1820.0,418000,1.0,1825.0
2018-07-24,1850.0,1850.0,1800.0,40000,1.0,1810.0
2018-07-25,1840.0,1840.0,1815.0,95000,1.0,1822.5
2018-07-26,1802.5,1825.0,1800.0,44000,1.0,1815.0
2018-07-27,1815.0,1815.0,1800.0,16000,0.0,1810.0
2018-07-30,1810.0,2000.0,1800.0,442000,0.0,1900.0
2018-07-31,1900.0,2000.0,1900.0,603000,1.0,1975.0
2018-08-01,1975.0,1975.0,1965.0,99000,1.0,1965.0
2018-08-02,1965.0,1965.0,1960.0,383000,1.0,1962.5
2018-08-03,1960.0,1960.0,1940.0,9000,1.0,1940.0
2018-08-06,1970.0,1970.0,1955.0,358000,-1.0,1960.0
2018-08-07,1990.0,2000.0,1970.0,161000,-1.0,2000.0
2018-08-08,2000.0,2000.0,1995.0,49000,-1.0,1995.0
2018-08-09,2002.5,2002.5,1985.0,22000,-1.0,1985.0
2018-08-10,1990.0,1990.0,1980.0,91000,-1.0,1980.0
2018-08-13,1980.0,1980.0,1650.0,69000,0.0,1650.0
2018-08-14,1655.0,1900.0,1650.0,185000,0.0,1900.0
2018-08-15,2000.0,2057.5,2000.0,19000,1.0,2000.0
2018-08-16,2000.0,2000.0,1995.0,18000,1.0,1995.0
2018-08-17,1995.0,1995.0,1995.0,0,1.0,1995.0
2018-08-20,1992.5,1995.0,1980.0,19000,0.0,1992.5
2018-08-21,1992.5,1992.5,1930.0,67000,1.0,1980.0
2018-08-22,1980.0,1980.0,1980.0,0,1.0,1980.0
2018-08-23,1932.5,1955.0,1932.5,20000,1.0,1945.0
2018-08-24,1937.5,1970.0,1937.5,25000,1.0,1965.0
2018-08-27,1950.0,2000.0,1950.0,20000,1.0,2000.0
2018-08-28,2000.0,2020.0,1995.0,31000,1.0,2000.0
2018-08-29,2000.0,2000.0,2000.0,7000,1.0,2000.0
2018-08-30,1990.0,1990.0,1970.0,30000,1.0,1970.0
2018-08-31,1960.0,1980.0,1960.0,25000,1.0,1975.0
2018-09-03,1975.0,1997.5,1940.0,5000,0.0,1940.0
2018-09-04,1962.5,1962.5,1940.0,17000,0.0,1940.0
2018-09-05,1932.5,1985.0,1900.0,20000,0.0,1985.0
2018-09-06,1985.0,1985.0,1960.0,20000,0.0,1960.0
2018-09-07,1960.0,1960.0,1960.0,1000,1.0,1960.0
2018-09-10,1970.0,1980.0,1970.0,7000,1.0,1980.0
2018-09-11,1980.0,1980.0,1980.0,0,1.0,1980.0
2018-09-12,1980.0,1980.0,1980.0,0,1.0,1980.0
2018-09-13,1980.0,1980.0,1957.5,33000,0.0,1980.0
2018-09-14,1980.0,1980.0,1980.0,3000,1.0,1980.0
2018-09-17,1980.0,1995.0,1980.0,14000,1.0,1980.0
2018-09-18,1980.0,1980.0,1980.0,0,1.0,1980.0
2018-09-19,1980.0,1980.0,1970.0,6000,1.0,1970.0
2018-09-20,1980.0,1980.0,1980.0,5000,1.0,1980.0
2018-09-21,1980.0,1980.0,1980.0,0,1.0,1980.0
2018-09-24,1980.0,1980.0,1980.0,0,1.0,1980.0
2018-09-25,1970.0,1970.0,1967.5,16000,1.0,1970.0
2018-09-26,1970.0,1970.0,1967.5,13000,1.0,1970.0
2018-09-27,1970.0,1970.0,1967.5,9000,1.0,1970.0
2018-09-28,1970.0,1970.0,1855.0,8000,1.0,1855.0
2018-10-01,1967.5,1967.5,1965.0,6000,1.0,1965.0
2018-10-02,1965.0,1980.0,1962.5,100000,1.0,1967.5
2018-10-03,1970.0,1970.0,1575.0,21000,1.0,1967.5
2018-10-04,1965.0,1967.5,1965.0,4000,1.0,1967.5
2018-10-05,1967.5,1967.5,1962.5,5000,1.0,1962.5
2018-10-08,1962.5,1962.5,1962.5,0,1.0,1962.5
2018-10-09,1965.0,1965.0,1910.0,10000,1.0,1962.5
2018-10-10,1965.0,1965.0,1965.0,5000,1.0,1965.0
2018-10-11,1947.5,1950.0,1910.0,17000,1.0,1910.0
2018-10-12,1960.0,1967.5,1935.0,42000,1.0,1967.5
2018-10-15,1965.0,1965.0,1950.0,5000,1.0,1950.0
2018-10-16,1950.0,1967.5,1940.0,21000,1.0,1965.0
2018-10-17,1962.5,1962.5,1950.0,13000,1.0,1960.0
2018-10-18,1960.0,1965.0,1950.0,63000,1.0,1950.0
2018-10-19,1950.0,1950.0,1890.0,6000,1.0,1945.0
2018-10-22,1945.0,1945.0,1930.0,109000,1.0,1945.0
2018-10-23,1945.0,1945.0,1930.0,88000,1.0,1930.0
2018-10-24,1945.0,1967.5,1945.0,53000,1.0,1950.0
2018-10-25,1950.0,1950.0,1940.0,27000,1.0,1940.0
2018-10-26,1940.0,1967.5,1940.0,31000,1.0,1967.5
2018-10-29,1960.0,1960.0,1935.0,150000,1.0,1960.0
2018-10-30,1960.0,1960.0,1900.0,53000,1.0,1960.0
2018-10-31,1940.0,1960.0,1940.0,51000,1.0,1960.0
2018-11-01,1950.0,1960.0,1950.0,8000,1.0,1960.0
2018-11-02,1957.5,1957.5,1957.5,3000,1.0,1957.5
2018-11-05,1957.5,1960.0,1950.0,76000,1.0,1960.0
2018-11-06,1960.0,1965.0,1960.0,44000,1.0,1965.0
2018-11-07,1962.5,1965.0,1960.0,15000,1.0,1965.0
2018-11-08,1965.0,1965.0,1962.5,28000,-1.0,1962.5
2018-11-09,1962.5,1962.5,1962.5,0,-1.0,1962.5
2018-11-12,1970.0,1970.0,1965.0,20000,1.0,1965.0
2018-11-13,2000.0,2000.0,1980.0,6000,1.0,1980.0
2018-11-14,1980.0,1980.0,1980.0,0,1.0,1980.0
2018-11-15,1975.0,1975.0,1960.0,22000,1.0,1975.0
2018-11-16,1975.0,1975.0,1970.0,6000,1.0,1970.0
2018-11-19,1967.5,2000.0,1967.5,4000,-1.0,2000.0
2018-11-20,2000.0,2000.0,2000.0,0,-1.0,2000.0
2018-11-21,1980.0,1980.0,1970.0,26000,1.0,1970.0
2018-11-22,1970.0,1980.0,1965.0,66000,1.0,1980.0
2018-11-23,1985.0,1990.0,1980.0,13000,1.0,1985.0
2018-11-26,1985.0,1995.0,1975.0,19000,1.0,1990.0
2018-11-27,1995.0,2000.0,1985.0,20000,1.0,1985.0
2018-11-28,1985.0,1985.0,1985.0,0,1.0,1985.0
2018-11-29,1985.0,1985.0,1985.0,0,0.0,1985.0
2018-11-30,1985.0,1985.0,1985.0,0,0.0,1985.0
2018-12-03,1985.0,1985.0,1985.0,0,0.0,1985.0
2018-12-04,1985.0,1985.0,1985.0,0,0.0,1985.0
2018-12-05,1985.0,1985.0,1975.0,15000,0.0,1975.0
2018-12-06,1975.0,1975.0,1975.0,0,0.0,1975.0
2018-12-07,1975.0,1975.0,1975.0,0,1.0,1975.0
2018-12-10,1975.0,1975.0,1975.0,1000,1.0,1975.0
2018-12-11,1975.0,1975.0,1975.0,0,1.0,1975.0
2018-12-12,1990.0,1990.0,1990.0,22000,1.0,1990.0
2018-12-13,1990.0,1990.0,1990.0,0,1.0,1990.0
2018-12-14,1997.5,1997.5,1997.5,5000,1.0,1997.5
2018-12-17,1997.5,1997.5,1900.0,142000,1.0,1920.0
2018-12-18,1920.0,1920.0,1917.5,11000,1.0,1917.5
2018-12-19,1880.0,1880.0,1880.0,1000,1.0,1880.0
2018-12-20,1880.0,1880.0,1880.0,0,-1.0,1880.0
2018-12-21,1880.0,1880.0,1880.0,0,-1.0,1880.0
2018-12-24,1880.0,1880.0,1880.0,0,-1.0,1880.0
2018-12-25,1880.0,1880.0,1880.0,0,-1.0,1880.0
2018-12-26,1900.0,1900.0,1900.0,21614000,-1.0,1900.0
2018-12-27,1900.0,1900.0,1900.0,0,1.0,1900.0
2018-12-28,1900.0,1987.5,1900.0,200000,1.0,1987.5
2018-12-31,1987.5,1987.5,1987.5,0,1.0,1987.5
2019-01-01,1987.5,1987.5,1987.5,0,1.0,1987.5
2019-01-02,1987.5,1987.5,1987.5,0,1.0,1987.5
2019-01-03,1987.5,1987.5,1987.5,0,1.0,1987.5
2019-01-04,1987.5,1987.5,1987.5,0,0.0,1987.5
2019-01-07,1900.0,1900.0,1880.0,312000,1.0,1880.0
2019-01-08,1787.5,1837.5,1770.0,206000,1.0,1780.0
2019-01-09,1780.0,1780.0,1680.0,174000,1.0,1767.5
2019-01-10,1767.5,1767.5,1750.0,76000,1.0,1750.0
2019-01-11,1760.0,1780.0,1750.0,118000,0.0,1780.0
2019-01-14,1797.5,1800.0,1785.0,94000,0.0,1800.0
2019-01-15,1800.0,1800.0,1800.0,42000,1.0,1800.0
2019-01-16,1800.0,1825.0,1800.0,99000,-1.0,1825.0
2019-01-17,1825.0,1825.0,1825.0,0,0.0,1825.0
2019-01-18,1825.0,1825.0,1790.0,47000,1.0,1790.0
2019-01-21,1912.5,1912.5,1840.0,21000,1.0,1840.0
2019-01-22,1880.0,1880.0,1810.0,19000,1.0,1810.0
2019-01-23,1840.0,1840.0,1810.0,11000,1.0,1810.0
2019-01-24,1890.0,1890.0,1820.0,10000,1.0,1820.0
2019-01-25,1820.0,1820.0,1820.0,0,1.0,1820.0
2019-01-28,1820.0,1820.0,1810.0,8000,1.0,1810.0
2019-01-29,1880.0,1880.0,1880.0,5000,1.0,1880.0
2019-01-30,1875.0,1875.0,1830.0,26000,1.0,1830.0
2019-01-31,1850.0,1900.0,1800.0,276000,1.0,1900.0
2019-02-01,1900.0,1900.0,1870.0,13000,1.0,1870.0
2019-02-04,1930.0,1950.0,1930.0,3000,1.0,1950.0
2019-02-05,1950.0,1950.0,1950.0,0,1.0,1950.0
2019-02-06,1950.0,1950.0,1860.0,59000,1.0,1870.0
2019-02-07,1900.0,1900.0,1862.5,202000,1.0,1887.5
2019-02-08,1890.0,1890.0,1890.0,240000,1.0,1890.0
2019-02-11,1890.0,1895.0,1880.0,22000,1.0,1890.0
2019-02-12,1900.0,1900.0,1800.0,45000,1.0,1800.0
2019-02-13,1900.0,1900.0,1880.0,18000,1.0,1890.0
2019-02-14,1890.0,1890.0,1890.0,0,1.0,1890.0
2019-02-15,1875.0,1875.0,1870.0,11000,1.0,1870.0
2019-02-18,1870.0,1870.0,1870.0,0,1.0,1870.0
2019-02-19,1900.0,1900.0,1890.0,78000,1.0,1900.0
2019-02-20,1900.0,1900.0,1900.0,0,1.0,1900.0
2019-02-21,1900.0,1900.0,1882.5,4000,0.0,1882.5
2019-02-22,1885.0,1925.0,1885.0,252000,1.0,1900.0
2019-02-25,1900.0,1900.0,1900.0,0,1.0,1900.0
2019-02-26,1900.0,1900.0,1880.0,14000,1.0,1880.0
2019-02-27,1897.5,1897.5,1897.5,1000,1.0,1897.5
2019-02-28,1897.5,1897.5,1897.5,0,1.0,1897.5
2019-03-01,1880.0,1880.0,1880.0,9000,1.0,1880.0
2019-03-04,1880.0,1880.0,1880.0,0,1.0,1880.0
2019-03-05,1880.0,1880.0,1880.0,0,0.0,1880.0
2019-03-06,1880.0,1880.0,1880.0,5000,0.0,1880.0
2019-03-07,1880.0,1880.0,1880.0,0,0.0,1880.0
2019-03-08,1880.0,1880.0,1880.0,0,1.0,1880.0
2019-03-11,1870.0,1870.0,1800.0,44000,1.0,1800.0
2019-03-12,1790.0,1880.0,1780.0,130000,1.0,1880.0
2019-03-13,1860.0,1860.0,1860.0,5000,1.0,1860.0
2019-03-14,1850.0,1850.0,1850.0,4000,1.0,1850.0
2019-03-15,1850.0,1850.0,1850.0,0,1.0,1850.0
2019-03-18,1850.0,1905.0,1850.0,400000,0.0,1905.0
2019-03-19,1905.0,1905.0,1905.0,0,0.0,1905.0
2019-03-20,1905.0,1905.0,1905.0,0,1.0,1905.0
2019-03-21,1905.0,1905.0,1905.0,0,1.0,1905.0
2019-03-22,1905.0,1905.0,1905.0,0,1.0,1905.0
2019-03-25,1905.0,1915.0,1905.0,244000,1.0,1915.0
2019-03-26,1915.0,1915.0,1915.0,0,-1.0,1915.0
2019-03-27,1915.0,1915.0,1915.0,0,-1.0,1915.0
2019-03-28,1915.0,1915.0,1915.0,0,-1.0,1915.0
2019-03-29,1890.0,1890.0,1890.0,8000,-1.0,1890.0
2019-04-01,1890.0,1890.0,1890.0,0,-1.0,1890.0
2019-04-02,1890.0,1890.0,1890.0,0,0.0,1890.0
2019-04-03,1890.0,1890.0,1890.0,0,1.0,1890.0
2019-04-04,1900.0,1900.0,1900.0,100000,1.0,1900.0
2019-04-05,1900.0,1900.0,1900.0,205000,1.0,1900.0
2019-04-08,1900.0,1900.0,1900.0,5000,0.0,1900.0
2019-04-09,1900.0,1900.0,1900.0,5000,0.0,1900.0
2019-04-10,1900.0,1900.0,1900.0,60000,1.0,1900.0
2019-04-11,1900.0,1900.0,1900.0,10000,-1.0,1900.0
2019-04-12,1900.0,1900.0,1900.0,53000,1.0,1900.0
2019-04-15,1900.0,1900.0,1900.0,0,1.0,1900.0
2019-04-16,1900.0,1900.0,1900.0,0,1.0,1900.0
2019-04-17,1900.0,1900.0,1900.0,0,1.0,1900.0
2019-04-18,1900.0,1930.0,1900.0,1106000,1.0,1930.0
2019-04-19,1930.0,1930.0,1930.0,0,1.0,1930.0
2019-04-22,1930.0,1930.0,1930.0,0,1.0,1930.0
2019-04-23,1930.0,1930.0,1930.0,0,1.0,1930.0
2019-04-24,1930.0,1930.0,1930.0,0,1.0,1930.0
2019-04-25,1930.0,1930.0,1930.0,0,1.0,1930.0
2019-04-26,1900.0,1900.0,1900.0,55000,1.0,1900.0
2019-04-29,1900.0,1900.0,1900.0,0,1.0,1900.0
2019-04-30,1900.0,1900.0,1900.0,0,1.0,1900.0
2019-05-01,1900.0,1900.0,1900.0,0,1.0,1900.0
2019-05-02,1900.0,1900.0,1900.0,0,1.0,1900.0
2019-05-03,1900.0,1900.0,1900.0,0,1.0,1900.0
2019-05-06,1900.0,1900.0,1900.0,0,1.0,1900.0
2019-05-07,1900.0,1900.0,1900.0,0,1.0,1900.0
2019-05-08,1900.0,1900.0,1900.0,0,1.0,1900.0
2019-05-09,1900.0,1900.0,1900.0,0,1.0,1900.0
2019-05-10,1900.0,1900.0,1900.0,22000,1.0,1900.0
2019-05-13,1880.0,1880.0,1880.0,54000,1.0,1880.0
2019-05-14,1807.5,1807.5,1807.5,5000,1.0,1807.5
2019-05-15,1807.5,1807.5,1807.5,0,-1.0,1807.5
2019-05-16,1807.5,1807.5,1807.5,0,-1.0,1807.5
2019-05-17,1890.0,1890.0,1890.0,5000,-1.0,1890.0
2019-05-20,1890.0,1890.0,1890.0,0,1.0,1890.0
2019-05-21,1890.0,1890.0,1890.0,0,-1.0,1890.0
2019-05-22,1890.0,1890.0,1890.0,2000,0.0,1890.0
2019-05-23,1890.0,1890.0,1890.0,0,1.0,1890.0
2019-05-24,1890.0,1890.0,1890.0,0,1.0,1890.0
2019-05-27,1890.0,1890.0,1890.0,0,0.0,1890.0
2019-05-28,1890.0,1890.0,1890.0,0,1.0,1890.0
2019-05-29,1890.0,1890.0,1890.0,0,-1.0,1890.0
2019-05-30,1890.0,1890.0,1890.0,0,-1.0,1890.0
2019-05-31,1890.0,1890.0,1890.0,0,1.0,1890.0
2019-06-03,1890.0,1890.0,1890.0,0,1.0,1890.0
2019-06-04,1890.0,1890.0,1890.0,0,1.0,1890.0
2019-06-05,1890.0,1890.0,1890.0,0,1.0,1890.0
2019-06-06,1890.0,1890.0,1890.0,0,1.0,1890.0
2019-06-07,1890.0,1890.0,1890.0,0,1.0,1890.0
2019-06-10,1890.0,1890.0,1890.0,0,0.0,1890.0
2019-06-11,1890.0,1890.0,1890.0,0,1.0,1890.0
2019-06-12,1797.5,1797.5,1712.5,43000,1.0,1715.0
2019-06-13,1715.0,1715.0,1715.0,0,1.0,1715.0
2019-06-14,1715.0,1715.0,1715.0,0,1.0,1715.0
2019-06-17,1715.0,1715.0,1715.0,0,1.0,1715.0
2019-06-18,1625.0,1625.0,1620.0,15000,1.0,1620.0
2019-06-19,1600.0,1610.0,1600.0,131000,0.0,1610.0
2019-06-20,1602.5,1610.0,1602.5,41000,1.0,1610.0
2019-06-21,1690.0,1900.0,1690.0,48000,1.0,1845.0
2019-06-24,1857.5,1857.5,1857.5,1000,0.0,1857.5
2019-06-25,1997.5,2000.0,1987.5,19000,1.0,1987.5
2019-06-26,1987.5,2000.0,1900.0,870000,1.0,1997.5
2019-06-27,1950.0,1950.0,1950.0,15000,1.0,1950.0
2019-06-28,1950.0,1950.0,1950.0,0,1.0,1950.0
2019-07-01,1937.5,1937.5,1937.5,3000,1.0,1937.5
2019-07-02,1937.5,1937.5,1937.5,0,1.0,1937.5
2019-07-03,1700.0,1700.0,1700.0,4000,1.0,1700.0
2019-07-04,1712.5,1712.5,1700.0,18000,0.0,1700.0
2019-07-05,1702.5,1710.0,1702.5,2000,1.0,1710.0
2019-07-08,1710.0,1710.0,1710.0,0,1.0,1710.0
2019-07-09,1715.0,1715.0,1710.0,2000,1.0,1710.0
2019-07-10,1715.0,1715.0,1712.5,2000,1.0,1712.5
2019-07-11,1712.5,1712.5,1712.5,0,0.0,1712.5
2019-07-12,1715.0,1715.0,1715.0,1000,0.0,1715.0
2019-07-15,1715.0,1715.0,1715.0,1000,1.0,1715.0
2019-07-16,1715.0,1715.0,1715.0,1000,1.0,1715.0
2019-07-17,1715.0,1715.0,1715.0,0,0.0,1715.0
2019-07-18,1690.0,1715.0,1690.0,8000,0.0,1715.0
2019-07-19,1715.0,1715.0,1715.0,0,1.0,1715.0
2019-07-22,1715.0,1715.0,1715.0,1000,1.0,1715.0
2019-07-23,1715.0,1715.0,1715.0,1000,0.0,1715.0
2019-07-24,1690.0,1690.0,1690.0,3000,1.0,1690.0
2019-07-25,1690.0,1690.0,1690.0,0,-1.0,1690.0
2019-07-26,1690.0,1690.0,1690.0,0,1.0,1690.0
2019-07-29,1690.0,1690.0,1690.0,0,1.0,1690.0
2019-07-30,1690.0,1690.0,1690.0,0,0.0,1690.0
2019-07-31,1587.5,1690.0,1587.5,10102000,1.0,1690.0
2019-08-01,1600.0,1700.0,1597.5,10126000,1.0,1700.0
2019-08-02,1695.0,1705.0,1690.0,27000,1.0,1705.0
2019-08-05,1710.0,1710.0,1710.0,100000,0.0,1710.0
2019-08-06,1710.0,1710.0,1710.0,0,-1.0,1710.0
2019-08-07,1710.0,1710.0,1710.0,0,1.0,1710.0
2019-08-08,1600.0,1600.0,1600.0,95000,1.0,1600.0
2019-08-09,1697.5,1697.5,1697.5,4000,1.0,1697.5
2019-08-12,1697.5,1700.0,1690.0,5000,-1.0,1690.0
2019-08-13,1690.0,1690.0,1690.0,0,-1.0,1690.0
2019-08-14,1690.0,1690.0,1690.0,0,-1.0,1690.0
2019-08-15,1690.0,1690.0,1690.0,0,1.0,1690.0
2019-08-16,1690.0,1690.0,1690.0,0,1.0,1690.0
2019-08-19,1640.0,1640.0,1640.0,2000,0.0,1640.0
2019-08-20,1640.0,1640.0,1640.0,0,0.0,1640.0
2019-08-21,1630.0,1630.0,1630.0,1000,1.0,1630.0
2019-08-22,1630.0,1630.0,1630.0,0,1.0,1630.0
2019-08-23,1630.0,1630.0,1630.0,1000,1.0,1630.0
2019-08-26,1630.0,1630.0,1630.0,0,1.0,1630.0
2019-08-27,1630.0,1630.0,1630.0,0,1.0,1630.0
2019-08-28,1630.0,1630.0,1630.0,0,1.0,1630.0
2019-08-29,1630.0,1630.0,1630.0,1000,1.0,1630.0
2019-08-30,1630.0,1630.0,1630.0,0,0.0,1630.0
2019-09-02,1630.0,1630.0,1630.0,0,1.0,1630.0
2019-09-03,1630.0,1630.0,1630.0,50000,1.0,1630.0
2019-09-04,1630.0,1630.0,1630.0,1000,1.0,1630.0
2019-09-05,1700.0,1700.0,1700.0,1000,1.0,1700.0
2019-09-06,1700.0,1700.0,1700.0,0,1.0,1700.0
2019-09-09,1690.0,1700.0,1690.0,11126000,1.0,1700.0
2019-09-10,1700.0,1700.0,1700.0,0,1.0,1700.0
2019-09-11,1700.0,1700.0,1700.0,0,1.0,1700.0
2019-09-12,1700.0,1700.0,1700.0,0,1.0,1700.0
2019-09-13,1700.0,1700.0,1700.0,0,1.0,1700.0
2019-09-16,1700.0,1700.0,1700.0,15000,1.0,1700.0
2019-09-17,1700.0,1700.0,1700.0,117000,1.0,1700.0
2019-09-18,1690.0,1690.0,1660.0,4000,1.0,1660.0
2019-09-19,1660.0,1660.0,1660.0,0,1.0,1660.0
2019-09-20,1660.0,1660.0,1660.0,2000,1.0,1660.0
2019-09-23,1660.0,1660.0,1660.0,0,1.0,1660.0
2019-09-24,1660.0,1660.0,1660.0,3000,-1.0,1660.0
2019-09-25,1660.0,1660.0,1660.0,0,-1.0,1660.0
2019-09-26,1660.0,1660.0,1660.0,0,-1.0,1660.0
2019-09-27,1660.0,1660.0,1660.0,0,1.0,1660.0
2019-09-30,1660.0,1660.0,1660.0,0,1.0,1660.0
2019-10-01,1660.0,1660.0,1660.0,0,1.0,1660.0
2019-10-02,1660.0,1660.0,1660.0,0,1.0,1660.0
2019-10-03,1660.0,1660.0,1660.0,0,1.0,1660.0
2019-10-04,1660.0,1660.0,1660.0,0,1.0,1660.0
2019-10-07,1660.0,1660.0,1660.0,0,1.0,1660.0
2019-10-08,1660.0,1660.0,1660.0,0,1.0,1660.0
2019-10-09,1660.0,1660.0,1660.0,0,1.0,1660.0
2019-10-10,1660.0,1660.0,1660.0,0,0.0,1660.0
2019-10-11,1660.0,1660.0,1660.0,0,0.0,1660.0
2019-10-14,1660.0,1660.0,1650.0,5000,0.0,1650.0
2019-10-15,1650.0,1650.0,1650.0,5000,1.0,1650.0
2019-10-16,1650.0,1650.0,1650.0,0,1.0,1650.0
2019-10-17,1650.0,1650.0,1650.0,0,1.0,1650.0
2019-10-18,1650.0,1650.0,1650.0,0,1.0,1650.0
2019-10-21,1650.0,1650.0,1650.0,0,1.0,1650.0
2019-10-22,1650.0,1650.0,1650.0,8000,-1.0,1650.0
2019-10-23,1650.0,1650.0,1650.0,0,1.0,1650.0
2019-10-24,1650.0,1650.0,1362.5,10000,1.0,1362.5
2019-10-25,1367.5,1367.5,1365.0,5000,-1.0,1365.0
2019-10-28,1365.0,1365.0,1365.0,0,-1.0,1365.0
2019-10-29,1367.5,1367.5,1367.5,5000,0.0,1367.5
2019-10-30,1367.5,1635.0,1367.5,38000,0.0,1635.0
2019-10-31,1632.5,1632.5,1375.0,29000,1.0,1375.0
2019-11-01,1377.5,1400.0,1377.5,4000,1.0,1400.0
2019-11-04,1410.0,1410.0,1325.0,190000,0.0,1325.0
2019-11-05,1330.0,1330.0,1330.0,132000,0.0,1330.0
2019-11-06,1440.0,1445.0,1430.0,5000,0.0,1440.0
2019-11-07,1440.0,1440.0,1440.0,0,0.0,1440.0
2019-11-08,1440.0,1440.0,1440.0,0,-1.0,1440.0
2019-11-11,1440.0,1440.0,1160.0,3000,-1.0,1160.0
2019-11-12,1170.0,1390.0,1170.0,2000,1.0,1390.0
2019-11-13,1380.0,1380.0,1300.0,4000,1.0,1300.0
2019-11-14,1300.0,1300.0,1210.0,27000,1.0,1210.0
2019-11-15,1300.0,1330.0,1290.0,46000,1.0,1330.0
2019-11-18,1405.0,1580.0,1405.0,7000,0.0,1580.0
2019-11-19,1550.0,1550.0,1510.0,67000,1.0,1510.0
2019-11-20,1567.5,1567.5,1567.5,5000,1.0,1567.5
2019-11-21,1550.0,1550.0,1542.5,44000,1.0,1542.5
2019-11-22,1542.5,1542.5,1542.5,1000,1.0,1542.5
2019-11-25,1542.5,1542.5,1542.5,2000,1.0,1542.5
2019-11-26,1530.0,1530.0,1500.0,21000,1.0,1500.0
2019-11-27,1500.0,1500.0,1500.0,50000,1.0,1500.0
2019-11-28,1500.0,1500.0,1500.0,0,1.0,1500.0
2019-11-29,1700.0,1700.0,1375.0,54000,1.0,1380.0
2019-12-02,1380.0,1380.0,1380.0,0,1.0,1380.0
2019-12-03,1380.0,1480.0,1322.5,13000,1.0,1480.0
2019-12-04,1480.0,1480.0,1480.0,0,1.0,1480.0
2019-12-05,1480.0,1480.0,1480.0,0,1.0,1480.0
2019-12-06,1480.0,1480.0,1480.0,0,1.0,1480.0
2019-12-09,1480.0,1480.0,1480.0,0,1.0,1480.0
2019-12-10,1480.0,1480.0,1480.0,0,-1.0,1480.0
2019-12-11,1480.0,1480.0,1480.0,0,0.0,1480.0
2019-12-12,1480.0,1480.0,1480.0,0,0.0,1480.0
2019-12-13,1480.0,1480.0,1450.0,7000,0.0,1450.0
2019-12-16,1450.0,1450.0,1212.5,40000,0.0,1212.5
2019-12-17,1222.5,1380.0,1222.5,13000,1.0,1380.0
2019-12-18,1380.0,1380.0,1380.0,8000,0.0,1380.0
2019-12-19,1380.0,1380.0,1380.0,0,-1.0,1380.0
2019-12-20,1380.0,1380.0,1380.0,0,-1.0,1380.0
2019-12-23,1380.0,1640.0,1380.0,12000,-1.0,1640.0
2019-12-26,1640.0,1640.0,1640.0,0,-1.0,1640.0
2019-12-27,1635.0,1635.0,1635.0,1000,-1.0,1635.0
2019-12-30,1615.0,1615.0,1500.0,51000,-1.0,1590.0
2020-01-02,1590.0,1590.0,1590.0,0,-1.0,1590.0
2020-01-03,1555.0,1555.0,1555.0,1000,-1.0,1555.0
2020-01-06,1555.0,1555.0,1555.0,0,-1.0,1555.0
2020-01-07,1555.0,1555.0,1555.0,10000,-1.0,1555.0
2020-01-08,1555.0,1555.0,1555.0,2000,-1.0,1555.0
2020-01-09,1555.0,1555.0,1555.0,1000,-1.0,1555.0
2020-01-10,1555.0,1575.0,1555.0,12000,-1.0,1575.0
2020-01-13,1575.0,1575.0,1540.0,12000,1.0,1540.0
2020-01-14,1540.0,1540.0,1540.0,2000,0.0,1540.0
2020-01-15,1540.0,1540.0,1540.0,2000,1.0,1540.0
2020-01-16,1540.0,1540.0,1540.0,1000,0.0,1540.0
2020-01-17,1520.0,1520.0,1520.0,20000,0.0,1520.0
2020-01-20,1520.0,1520.0,1520.0,0,1.0,1520.0
2020-01-21,1520.0,1520.0,1520.0,1000,1.0,1520.0
2020-01-22,1515.0,1520.0,1515.0,3000,0.0,1520.0
2020-01-23,1520.0,1520.0,1520.0,0,0.0,1520.0
2020-01-24,1517.5,1520.0,1517.5,105000,1.0,1520.0
2020-01-27,1520.0,1520.0,1520.0,0,1.0,1520.0
2020-01-28,1520.0,1520.0,1520.0,0,1.0,1520.0
2020-01-29,1500.0,1520.0,1500.0,22000,1.0,1520.0
2020-01-30,1520.0,1520.0,1520.0,0,1.0,1520.0
2020-01-31,1520.0,1520.0,1520.0,0,1.0,1520.0
2020-02-03,1520.0,1520.0,1520.0,0,1.0,1520.0
2020-02-04,1520.0,1520.0,1520.0,0,1.0,1520.0
2020-02-05,1520.0,1520.0,1520.0,2000,1.0,1520.0
2020-02-06,1520.0,1520.0,1520.0,0,1.0,1520.0
2020-02-07,1520.0,1520.0,1520.0,1000,1.0,1520.0
2020-02-10,1520.0,1520.0,1520.0,0,1.0,1520.0
2020-02-11,1520.0,1520.0,1520.0,0,1.0,1520.0
2020-02-12,1520.0,1520.0,1520.0,6000,1.0,1520.0
2020-02-13,1520.0,1520.0,1520.0,0,1.0,1520.0
2020-02-14,1520.0,1520.0,1520.0,0,0.0,1520.0
2020-02-17,1520.0,1520.0,1520.0,0,1.0,1520.0
2020-02-18,1520.0,1520.0,1520.0,0,1.0,1520.0
2020-02-19,1520.0,1520.0,1520.0,0,1.0,1520.0
2020-02-20,1520.0,1520.0,1520.0,0,0.0,1520.0
2020-02-21,1520.0,1520.0,1520.0,0,1.0,1520.0
2020-02-24,1520.0,1520.0,1520.0,0,1.0,1520.0
2020-02-25,1520.0,1520.0,1520.0,0,1.0,1520.0
2020-02-26,1520.0,1520.0,1520.0,0,1.0,1520.0
2020-02-27,1520.0,1520.0,1520.0,0,1.0,1520.0
2020-02-28,1520.0,1520.0,1520.0,1000,1.0,1520.0
2020-03-02,1520.0,1520.0,1520.0,0,1.0,1520.0
2020-03-03,1520.0,1520.0,1520.0,0,1.0,1520.0
2020-03-04,1520.0,1520.0,1520.0,0,1.0,1520.0
2020-03-05,1520.0,1520.0,1520.0,1000,1.0,1520.0
2020-03-06,1520.0,1520.0,1520.0,0,-1.0,1520.0
2020-03-09,1520.0,1520.0,1520.0,0,1.0,1520.0
2020-03-10,1520.0,1520.0,1520.0,0,1.0,1520.0
2020-03-11,1520.0,1520.0,1520.0,0,1.0,1520.0
2020-03-12,1520.0,1520.0,1520.0,0,1.0,1520.0
2020-03-13,1520.0,1520.0,1520.0,0,-1.0,1520.0
2020-03-16,1520.0,1520.0,1520.0,0,1.0,1520.0
2020-03-17,1520.0,1520.0,1520.0,0,1.0,1520.0
2020-03-18,1520.0,1520.0,1520.0,0,1.0,1520.0
2020-03-19,1520.0,1520.0,1520.0,0,1.0,1520.0
2020-03-20,1520.0,1520.0,1520.0,0,1.0,1520.0
2020-03-23,1520.0,1520.0,1520.0,0,0.0,1520.0
2020-03-24,1520.0,1520.0,1520.0,0,1.0,1520.0
2020-03-26,1520.0,1520.0,1520.0,0,-1.0,1520.0
2020-03-27,1520.0,1520.0,1520.0,0,0.0,1520.0
2020-03-30,1520.0,1520.0,1520.0,0,-1.0,1520.0
2020-03-31,1450.0,1450.0,1450.0,2000,-1.0,1450.0
2020-04-01,1450.0,1450.0,1450.0,0,1.0,1450.0
2020-04-02,1450.0,1450.0,1450.0,0,-1.0,1450.0
2020-04-03,1450.0,1450.0,1450.0,1000,1.0,1450.0
2020-04-06,1450.0,1450.0,1450.0,0,1.0,1450.0
2020-04-07,1450.0,1450.0,1450.0,0,1.0,1450.0
2020-04-08,1450.0,1450.0,1450.0,0,1.0,1450.0
2020-04-09,1450.0,1450.0,1450.0,0,1.0,1450.0
2020-04-13,1450.0,1450.0,1450.0,0,0.0,1450.0
2020-04-14,1450.0,1450.0,1450.0,0,0.0,1450.0
2020-04-15,1450.0,1450.0,1450.0,3000,0.0,1450.0
2020-04-16,1450.0,1450.0,1450.0,0,0.0,1450.0
2020-04-17,1450.0,1450.0,1450.0,0,1.0,1450.0
2020-04-20,1450.0,1450.0,1450.0,0,1.0,1450.0
2020-04-21,1450.0,1450.0,1450.0,0,1.0,1450.0
2020-04-22,1450.0,1450.0,1450.0,0,1.0,1450.0
2020-04-23,1450.0,1450.0,1450.0,0,1.0,1450.0
2020-04-24,1450.0,1450.0,1450.0,0,1.0,1450.0
2020-04-27,1450.0,1450.0,1450.0,0,1.0,1450.0
2020-04-28,1450.0,1450.0,1450.0,0,1.0,1450.0
2020-04-29,1450.0,1450.0,1450.0,0,1.0,1450.0
2020-04-30,1450.0,1450.0,1450.0,0,1.0,1450.0
2020-05-04,1450.0,1450.0,1450.0,0,1.0,1450.0
2020-05-05,1450.0,1450.0,1450.0,0,1.0,1450.0
2020-05-06,1450.0,1450.0,1450.0,0,1.0,1450.0
2020-05-08,1450.0,1450.0,1450.0,0,1.0,1450.0
2020-05-11,1450.0,1450.0,1450.0,0,0.0,1450.0
2020-05-12,1450.0,1450.0,1450.0,0,0.0,1450.0
2020-05-13,1450.0,1450.0,1450.0,0,0.0,1450.0
2020-05-14,1450.0,1450.0,1450.0,0,1.0,1450.0
2020-05-15,1450.0,1450.0,1450.0,0,0.0,1450.0
2020-05-18,1450.0,1450.0,1450.0,0,1.0,1450.0
2020-05-19,1450.0,1450.0,1450.0,1000,0.0,1450.0
2020-05-20,1450.0,1450.0,1450.0,0,0.0,1450.0
2020-05-26,1450.0,1450.0,1450.0,0,0.0,1450.0
2020-05-27,1450.0,1450.0,1450.0,0,1.0,1450.0
2020-05-28,1450.0,1450.0,1450.0,0,1.0,1450.0
2020-05-29,1445.0,1445.0,1445.0,1000,1.0,1445.0
2020-06-02,1445.0,1445.0,1445.0,0,0.0,1445.0
2020-06-03,1445.0,1445.0,1445.0,0,0.0,1445.0
2020-06-04,1345.0,1345.0,1345.0,2000,1.0,1345.0
2020-06-05,1345.0,1345.0,1345.0,4000,1.0,1345.0
2020-06-08,1345.0,1345.0,1345.0,1000,1.0,1345.0
2020-06-09,1345.0,1345.0,1345.0,0,1.0,1345.0
2020-06-10,1345.0,1345.0,1345.0,1000,1.0,1345.0
2020-06-11,1345.0,1345.0,1345.0,0,1.0,1345.0
2020-06-12,1345.0,1345.0,1345.0,1000,1.0,1345.0
2020-06-15,1345.0,1345.0,1345.0,1000,1.0,1345.0
2020-06-16,1345.0,1345.0,1345.0,3000,1.0,1345.0
2020-06-17,1345.0,1345.0,1345.0,0,1.0,1345.0
2020-06-18,1345.0,1345.0,1345.0,2000,1.0,1345.0
2020-06-19,1345.0,1345.0,1345.0,2000,1.0,1345.0
2020-06-22,1345.0,1345.0,1252.5,25000,1.0,1252.5
2020-06-23,1442.5,1445.0,1260.0,33000,1.0,1260.0
2020-06-24,1260.0,1410.0,1260.0,35000,1.0,1260.0
2020-06-25,1255.0,1255.0,1255.0,1000,1.0,1255.0
2020-06-26,1255.0,1410.0,1200.0,66000,1.0,1255.0
2020-06-29,1255.0,1255.0,1252.5,22000,0.0,1252.5
2020-06-30,1252.5,1252.5,1252.5,1000,1.0,1252.5
2020-07-01,1252.5,1252.5,1247.5,2000,1.0,1247.5
2020-07-02,1247.5,1247.5,1247.5,12000,1.0,1247.5
2020-07-03,1400.0,1400.0,1400.0,2000,1.0,1400.0
2020-07-06,1400.0,1400.0,1350.0,25000,1.0,1390.0
2020-07-07,1300.0,1390.0,1295.0,34000,1.0,1390.0
2020-07-08,1390.0,1390.0,1295.0,94000,1.0,1295.0
2020-07-09,1295.0,1295.0,1227.5,21000,1.0,1240.0
2020-07-10,1300.0,1300.0,1240.0,42000,1.0,1287.5
2020-07-13,1280.0,1287.5,1280.0,8000,1.0,1280.0
2020-07-14,1250.0,1275.0,1192.5,86000,1.0,1270.0
2020-07-15,1200.0,1200.0,1182.5,118000,1.0,1182.5
2020-07-16,1182.5,1230.0,1177.5,87000,0.0,1180.0
2020-07-17,1180.0,1265.0,1180.0,73000,1.0,1260.0
2020-07-20,1260.0,1260.0,1257.5,40000,1.0,1260.0
2020-07-21,1250.0,1350.0,1250.0,40000,1.0,1350.0
2020-07-22,1330.0,1350.0,1325.0,20000,1.0,1350.0
2020-07-23,1330.0,1347.5,1260.0,69000,1.0,1347.5
2020-07-24,1345.0,1360.0,1345.0,26000,1.0,1360.0
2020-07-27,1360.0,1360.0,1265.0,88000,-1.0,1277.5
2020-07-28,1280.0,1360.0,1280.0,17000,1.0,1280.0
2020-07-29,1360.0,1370.0,1307.5,8000,1.0,1307.5
2020-07-30,1307.5,1355.0,1307.5,20000,1.0,1322.5
2020-08-03,1320.0,1320.0,1320.0,113000,0.0,1320.0
2020-08-04,1335.0,1350.0,1335.0,28000,0.0,1350.0
2020-08-05,1350.0,1400.0,1350.0,75000,0.0,1400.0
2020-08-06,1400.0,1400.0,1400.0,0,1.0,1400.0
2020-08-07,1375.0,1375.0,1320.0,132000,1.0,1320.0
2020-08-10,1320.0,1320.0,1315.0,50000,1.0,1315.0
2020-08-11,1330.0,1330.0,1327.5,38000,1.0,1327.5
2020-08-12,1327.5,1327.5,1327.5,0,1.0,1327.5
2020-08-13,1327.5,1350.0,1327.5,22000,1.0,1350.0
2020-08-14,1350.0,1350.0,1347.5,34000,1.0,1347.5
2020-08-18,1360.0,1360.0,1340.0,52000,1.0,1340.0
2020-08-19,1360.0,1360.0,1360.0,4000,0.0,1360.0
2020-08-24,1370.0,1370.0,1360.0,35000,0.0,1360.0
2020-08-25,1375.0,1375.0,1310.0,75000,0.0,1310.0
2020-08-26,1340.0,1350.0,1340.0,5000,0.0,1350.0
2020-08-27,1320.0,1345.0,1300.0,129000,0.0,1300.0
2020-08-28,1280.0,1290.0,1250.0,186000,1.0,1250.0
2020-08-31,1290.0,1290.0,1285.0,15000,1.0,1285.0
2020-09-01,1295.0,1295.0,1295.0,23000,1.0,1295.0
2020-09-02,1290.0,1290.0,1260.0,136000,1.0,1260.0
2020-09-03,1265.0,1265.0,1265.0,3000,1.0,1265.0
2020-09-04,1260.0,1260.0,1260.0,1000,1.0,1260.0
2020-09-07,1260.0,1260.0,1200.0,17000,1.0,1200.0
2020-09-08,1200.0,1200.0,1200.0,13000,1.0,1200.0
2020-09-09,1200.0,1200.0,1200.0,127000,1.0,1200.0
2020-09-10,1200.0,1280.0,1117.5,58000,1.0,1117.5
2020-09-11,1200.0,1230.0,1200.0,21000,1.0,1230.0
2020-09-14,1260.0,1260.0,1250.0,55000,1.0,1250.0
2020-09-15,1250.0,1250.0,1250.0,4000,1.0,1250.0
2020-09-16,1250.0,1250.0,1250.0,0,1.0,1250.0
2020-09-17,1250.0,1250.0,1250.0,0,1.0,1250.0
2020-09-18,1245.0,1245.0,1245.0,1000,1.0,1245.0
2020-09-21,1265.0,1265.0,1250.0,38000,0.0,1265.0
2020-09-22,1265.0,1265.0,1265.0,1000,1.0,1265.0
2020-09-23,1265.0,1265.0,1265.0,0,1.0,1265.0
2020-09-24,1265.0,1265.0,1265.0,0,1.0,1265.0
2020-09-25,1265.0,1265.0,1265.0,0,1.0,1265.0
2020-09-28,1265.0,1265.0,1265.0,0,1.0,1265.0
2020-09-29,1265.0,1265.0,1265.0,0,1.0,1265.0
2020-09-30,1265.0,1265.0,1265.0,0,0.0,1265.0
2020-10-01,1265.0,1265.0,1265.0,0,0.0,1265.0
2020-10-02,1262.5,1262.5,1262.5,1000,1.0,1262.5
2020-10-05,1262.5,1262.5,1262.5,0,1.0,1262.5
2020-10-06,1262.5,1262.5,1262.5,0,1.0,1262.5
2020-10-07,1262.5,1262.5,1262.5,0,0.0,1262.5
2020-10-08,1262.5,1262.5,1262.5,0,1.0,1262.5
2020-10-09,1262.5,1262.5,1262.5,0,1.0,1262.5
2020-10-12,1262.5,1262.5,1262.5,0,-1.0,1262.5
2020-10-13,1262.5,1262.5,1262.5,0,0.0,1262.5
2020-10-14,1262.5,1262.5,1262.5,0,0.0,1262.5
2020-10-15,1237.5,1262.5,1237.5,15000,0.0,1262.5
2020-10-16,1262.5,1262.5,1262.5,0,0.0,1262.5
2020-10-19,1262.5,1262.5,1262.5,0,1.0,1262.5
2020-10-20,1255.0,1255.0,1250.0,13000,0.0,1250.0
2020-10-21,1250.0,1250.0,1250.0,1000,0.0,1250.0
2020-10-22,1250.0,1250.0,1250.0,0,0.0,1250.0
2020-10-23,1250.0,1250.0,1250.0,0,1.0,1250.0
2020-10-26,1250.0,1250.0,1250.0,0,1.0,1250.0
2020-10-27,1245.0,1245.0,1245.0,31000,1.0,1245.0
2020-11-02,1220.0,1220.0,1220.0,10000,1.0,1220.0
2020-11-03,1220.0,1220.0,1220.0,0,1.0,1220.0
2020-11-04,1280.0,1300.0,1280.0,15000,1.0,1295.0
2020-11-05,1295.0,1350.0,1295.0,85000,1.0,1350.0
2020-11-06,1360.0,1360.0,1350.0,10000,1.0,1350.0
2020-11-09,1370.0,1370.0,1360.0,35000,0.0,1360.0
2020-11-10,1380.0,1380.0,1375.0,15000,0.0,1375.0
2020-11-11,1385.0,1385.0,1375.0,32000,1.0,1380.0
2020-11-12,1380.0,1380.0,1375.0,16000,1.0,1375.0
2020-11-13,1380.0,1450.0,1370.0,52000,1.0,1450.0
2020-11-16,1450.0,1450.0,1450.0,0,1.0,1450.0
2020-11-17,1435.0,1435.0,1430.0,21000,1.0,1430.0
2020-11-18,1430.0,1470.0,1430.0,65000,1.0,1470.0
2020-11-19,1470.0,1470.0,1470.0,0,1.0,1470.0
2020-11-20,1470.0,1470.0,1470.0,0,1.0,1470.0
2020-11-23,1470.0,1470.0,1470.0,0,1.0,1470.0
2020-11-24,1467.5,1467.5,1450.0,55000,1.0,1450.0
2020-11-25,1450.0,1450.0,1450.0,0,1.0,1450.0
2020-11-26,1440.0,1440.0,1440.0,2000,1.0,1440.0
2020-11-27,1535.0,1550.0,1535.0,42000,1.0,1550.0
2020-11-30,1550.0,1550.0,1550.0,28000,1.0,1550.0
2020-12-01,1550.0,1550.0,1550.0,10000,1.0,1550.0
2020-12-02,1550.0,1550.0,1550.0,0,1.0,1550.0
2020-12-03,1585.0,1585.0,1575.0,31000,1.0,1585.0
2020-12-04,1600.0,1600.0,1575.0,5000,1.0,1575.0
2020-12-07,1575.0,1575.0,1575.0,0,1.0,1575.0
2020-12-08,1585.0,1585.0,1580.0,10000,1.0,1580.0
2020-12-10,1580.0,1580.0,1580.0,0,-1.0,1580.0
2020-12-11,1585.0,1585.0,1585.0,2000,0.0,1585.0
2020-12-14,1600.0,1600.0,1580.0,90000,0.0,1585.0
2020-12-15,1585.0,1585.0,1480.0,139000,0.0,1480.0
2020-12-16,1510.0,1520.0,1470.0,507000,0.0,1470.0
2020-12-17,1472.5,1500.0,1400.0,143000,1.0,1490.0
2020-12-18,1490.0,1490.0,1450.0,11000,1.0,1452.5
2020-12-21,1452.5,1452.5,1452.5,0,1.0,1452.5
2020-12-22,1452.5,1550.0,1452.5,20000,1.0,1550.0
2020-12-23,1550.0,1550.0,1550.0,0,1.0,1550.0
2020-12-28,1520.0,1540.0,1442.5,807000,1.0,1445.0
2020-12-29,1445.0,1445.0,1400.0,16000,0.0,1442.5
2020-12-30,1442.5,1547.5,1417.5,163000,0.0,1547.5
2021-01-04,1547.5,1547.5,1547.5,1000,1.0,1547.5
2021-01-05,1547.5,1547.5,1545.0,96000,1.0,1547.5
2021-01-06,1547.5,1547.5,1547.5,1000,1.0,1547.5
2021-01-07,1547.5,1547.5,1547.5,74000,1.0,1547.5
2021-01-08,1547.5,1600.0,1547.5,30000,1.0,1600.0
2021-01-11,1600.0,1600.0,1600.0,0,1.0,1600.0
2021-01-12,1600.0,1600.0,1600.0,2000,1.0,1600.0
2021-01-13,1590.0,1590.0,1590.0,8000,1.0,1590.0
2021-01-14,1590.0,1590.0,1587.5,2000,1.0,1587.5
2021-01-15,1570.0,1600.0,1525.0,160000,1.0,1600.0
2021-01-18,1597.5,1597.5,1580.0,5000,0.0,1580.0
2021-01-19,1560.0,1560.0,1550.0,19000,1.0,1550.0
2021-01-20,1552.5,1580.0,1552.5,10000,1.0,1560.0
2021-01-21,1560.0,1560.0,1560.0,70000,1.0,1560.0
2021-01-22,1560.0,1560.0,1560.0,0,1.0,1560.0
2021-01-25,1560.0,1560.0,1560.0,0,1.0,1560.0
2021-01-26,1555.0,1560.0,1520.0,4000,1.0,1520.0
2021-01-27,1520.0,1570.0,1520.0,26000,1.0,1560.0
2021-01-28,1560.0,1560.0,1470.0,50000,0.0,1470.0
2021-01-29,1470.0,1590.0,1450.0,120000,1.0,1450.0
2021-02-01,1450.0,1450.0,1450.0,0,0.0,1450.0
2021-02-02,1450.0,1450.0,1450.0,2000,1.0,1450.0
2021-02-03,1450.0,1450.0,1450.0,5000,0.0,1450.0
2021-02-04,1450.0,1450.0,1450.0,1000,1.0,1450.0
2021-02-05,1470.0,1470.0,1470.0,2000,1.0,1470.0
2021-02-08,1467.5,1467.5,1415.0,20000,1.0,1415.0
2021-02-09,1397.5,1415.0,1397.5,95000,1.0,1397.5
2021-02-10,1400.0,1400.0,1400.0,10000,1.0,1400.0
2021-02-11,1400.0,1400.0,1400.0,0,1.0,1400.0
2021-02-15,1375.0,1390.0,1375.0,3000,1.0,1390.0
2021-02-16,1390.0,1390.0,1390.0,0,0.0,1390.0
2021-02-17,1350.0,1400.0,1332.5,33000,0.0,1400.0
2021-02-18,1400.0,1400.0,1400.0,0,0.0,1400.0
2021-02-19,1400.0,1400.0,1400.0,0,0.0,1400.0
2021-02-22,1400.0,1400.0,1400.0,2000,1.0,1400.0
2021-02-23,1400.0,1400.0,1302.5,586000,1.0,1302.5
2021-02-24,1325.0,1342.5,1325.0,25000,1.0,1327.5
2021-02-25,1325.0,1325.0,1325.0,3000,1.0,1325.0
2021-02-26,1322.5,1375.0,1322.5,94000,1.0,1350.0
2021-03-01,1350.0,1350.0,1350.0,0,-1.0,1350.0
2021-03-02,1350.0,1350.0,1350.0,0,1.0,1350.0
2021-03-03,1397.5,1397.5,1397.5,3000,1.0,1397.5
2021-03-04,1397.5,1397.5,1397.5,4000,1.0,1397.5
2021-03-05,1300.0,1300.0,1300.0,54000,1.0,1300.0
2021-03-08,1275.0,1275.0,1220.0,159000,1.0,1225.0
2021-03-09,1225.0,1300.0,1225.0,94000,1.0,1300.0
2021-03-10,1300.0,1300.0,1300.0,5000,1.0,1300.0
2021-03-12,1325.0,1360.0,1300.0,105000,-1.0,1360.0
2021-03-15,1360.0,1360.0,1300.0,17000,-1.0,1300.0
2021-03-16,1300.0,1300.0,1300.0,1000,0.0,1300.0
2021-03-17,1297.5,1297.5,1297.5,5000,1.0,1297.5
2021-03-18,1297.5,1300.0,1280.0,5000,0.0,1280.0
2021-03-19,1260.0,1265.0,1250.0,44000,1.0,1250.0
2021-03-22,1250.0,1250.0,1250.0,1000,1.0,1250.0
2021-03-23,1250.0,1250.0,1250.0,6000,1.0,1250.0
2021-03-24,1247.5,1247.5,1247.5,30000,1.0,1247.5
2021-03-25,1247.5,1247.5,1247.5,0,1.0,1247.5
2021-03-26,1247.5,1247.5,1247.5,0,1.0,1247.5
2021-03-29,1247.5,1247.5,1247.5,2000,1.0,1247.5
2021-03-30,1247.5,1247.5,1247.5,0,0.0,1247.5
2021-03-31,1247.5,1247.5,1247.5,13000,0.0,1247.5
2021-04-01,1250.0,1250.0,1250.0,6000,0.0,1250.0
2021-04-05,1250.0,1250.0,1245.0,17000,1.0,1247.5
2021-04-06,1247.5,1247.5,1247.5,0,1.0,1247.5
2021-04-07,1250.0,1250.0,1250.0,1000,1.0,1250.0
2021-04-08,1250.0,1250.0,1250.0,8000,0.0,1250.0
2021-04-09,1250.0,1250.0,1240.0,12000,0.0,1240.0
2021-04-12,1240.0,1240.0,1227.5,9000,0.0,1227.5
2021-04-13,1227.5,1227.5,1227.5,2000,0.0,1227.5
2021-04-14,1250.0,1250.0,1200.0,19000,1.0,1202.5
2021-04-15,1202.5,1250.0,1200.0,147000,1.0,1250.0
2021-04-16,1250.0,1250.0,1230.0,22000,1.0,1230.0
2021-04-19,1230.0,1230.0,1230.0,15000,1.0,1230.0
2021-04-20,1230.0,1230.0,1215.0,3000,1.0,1215.0
2021-04-21,1207.5,1255.0,1200.0,148000,1.0,1255.0
2021-04-22,1250.0,1260.0,1250.0,104000,1.0,1260.0
2021-04-23,1250.0,1270.0,1242.5,190000,1.0,1270.0
2021-04-26,1260.0,1355.0,1247.5,469000,1.0,1340.0
2021-04-27,1315.0,1600.0,1315.0,541000,1.0,1500.0
2021-04-28,1500.0,1517.5,1430.0,477000,1.0,1450.0
2021-04-29,1450.0,1457.5,1410.0,366000,1.0,1410.0
2021-04-30,1410.0,1455.0,1392.5,386000,1.0,1455.0
2021-05-03,1455.0,1480.0,1410.0,330000,1.0,1470.0
2021-05-04,1470.0,1470.0,1405.0,859000,1.0,1430.0
2021-05-05,1437.5,1440.0,1407.5,240000,1.0,1430.0
2021-05-06,1472.5,1475.0,1410.0,252000,1.0,1415.0
2021-05-07,1415.0,1430.0,1415.0,462000,1.0,1430.0
2021-05-10,1427.5,1432.5,1410.0,210000,1.0,1432.5
2021-05-11,1420.0,1430.0,1415.0,561000,1.0,1420.0
2021-05-17,1422.5,1447.5,1420.0,495000,0.0,1422.5
2021-05-18,1435.0,1435.0,1415.0,562000,0.0,1420.0
2021-05-19,1420.0,1480.0,1420.0,501000,1.0,1420.0
2021-05-20,1422.5,1425.0,1405.0,170000,1.0,1405.0
2021-05-21,1405.0,1455.0,1405.0,892000,1.0,1440.0
2021-05-24,1450.0,1560.0,1450.0,1371000,1.0,1540.0
2021-05-25,1550.0,1595.0,1502.5,1549000,0.0,1515.0
2021-05-27,1517.5,1572.5,1515.0,2198000,1.0,1517.5
2021-05-28,1530.0,1542.5,1507.5,2006000,1.0,1520.0
2021-05-31,1500.0,1500.0,1415.0,275000,-1.0,1415.0
2021-06-02,1412.5,1450.0,1345.0,1034000,1.0,1415.0
2021-06-03,1415.0,1420.0,1380.0,1318000,1.0,1382.5
2021-06-04,1385.0,1387.5,1370.0,349000,1.0,1385.0
2021-06-07,1385.0,1387.5,1362.5,547000,0.0,1367.5
2021-06-08,1367.5,1377.5,1357.5,166000,0.0,1360.0
2021-06-09,1362.5,1385.0,1360.0,368000,1.0,1360.0
2021-06-10,1385.0,1385.0,1362.5,31000,0.0,1362.5
2021-06-11,1385.0,1445.0,1380.0,1376000,1.0,1385.0
2021-06-14,1385.0,1435.0,1380.0,651000,0.0,1417.5
2021-06-15,1410.0,1425.0,1380.0,403000,0.0,1392.5
2021-06-16,1392.5,1405.0,1362.5,1135000,0.0,1400.0
2021-06-17,1380.0,1415.0,1380.0,873000,1.0,1410.0
2021-06-18,1402.5,1422.5,1380.0,1032000,0.0,1400.0
2021-06-21,1382.5,1390.0,1335.0,1266000,1.0,1375.0
2021-06-22,1407.5,1410.0,1372.5,1232000,1.0,1380.0
2021-06-23,1397.5,1412.5,1380.0,874000,1.0,1410.0
2021-06-24,1415.0,1415.0,1370.0,1040000,1.0,1380.0
2021-06-25,1407.5,1410.0,1380.0,1019000,1.0,1382.5
2021-06-28,1382.5,1410.0,1375.0,323000,1.0,1380.0
2021-06-29,1380.0,1397.5,1362.5,483000,1.0,1365.0
2021-06-30,1385.0,1385.0,1357.5,118000,0.0,1360.0
2021-07-01,1380.0,1380.0,1355.0,97000,0.0,1360.0
2021-07-02,1360.0,1380.0,1350.0,652000,0.0,1352.5
2021-07-05,1360.0,1372.5,1357.5,693000,0.0,1360.0
2021-07-06,1370.0,1410.0,1357.5,1775000,1.0,1395.0
2021-07-07,1395.0,1395.0,1352.5,1144000,1.0,1380.0
2021-07-08,1365.0,1377.5,1355.0,1259000,1.0,1377.5
2021-07-09,1377.5,1377.5,1352.5,783000,1.0,1377.5
2021-07-12,1377.5,1390.0,1365.0,1320000,1.0,1367.5
2021-07-13,1375.0,1375.0,1357.5,848000,1.0,1357.5
2021-07-14,1382.5,1382.5,1350.0,791000,1.0,1350.0
2021-07-15,1365.0,1365.0,1345.0,780000,1.0,1352.5
2021-07-16,1350.0,1372.5,1350.0,795000,1.0,1362.5
2021-07-19,1370.0,1392.5,1362.5,842000,1.0,1375.0
2021-07-21,1375.0,1407.5,1367.5,1083000,1.0,1375.0
2021-07-22,1370.0,1397.5,1370.0,1305000,1.0,1380.0
2021-07-23,1392.5,1400.0,1372.5,1336000,-1.0,1385.0
2021-07-26,1397.5,1402.5,1385.0,1582000,1.0,1387.5
2021-07-27,1400.0,1410.0,1390.0,2166000,1.0,1402.5
2021-07-28,1407.5,1410.0,1397.5,1196000,1.0,1410.0
2021-07-29,1415.0,1450.0,1407.5,1883000,1.0,1450.0
2021-07-30,1470.0,1480.0,1425.0,1070000,1.0,1440.0
2021-08-02,1477.5,1477.5,1430.0,2303000,1.0,1440.0
2021-08-03,1440.0,1492.5,1435.0,2090000,0.0,1465.0
2021-08-04,1480.0,1482.5,1462.5,2573000,0.0,1480.0
2021-08-05,1495.0,1510.0,1477.5,2714000,1.0,1490.0
2021-08-06,1490.0,1500.0,1475.0,1973000,1.0,1495.0
2021-08-09,1495.0,1510.0,1480.0,2415000,0.0,1497.5
2021-08-10,1500.0,1505.0,1475.0,728000,0.0,1500.0
2021-08-12,1500.0,1507.5,1482.5,2775000,-1.0,1507.5
2021-08-13,1507.5,1525.0,1495.0,1628000,1.0,1500.0
2021-08-16,1500.0,1515.0,1492.5,2043000,1.0,1510.0
2021-08-18,1510.0,1512.5,1495.0,969000,1.0,1497.5
2021-08-19,1497.5,1502.5,1492.5,1062000,1.0,1495.0
2021-08-20,1490.0,1500.0,1450.0,439000,1.0,1492.5
2021-08-23,1492.5,1507.5,1480.0,1533000,1.0,1500.0
2021-08-24,1500.0,1500.0,1482.5,1048000,1.0,1482.5
2021-08-25,1485.0,1502.5,1480.0,855000,1.0,1500.0
2021-08-26,1500.0,1500.0,1480.0,1173000,1.0,1500.0
2021-08-27,1492.5,1492.5,1480.0,301000,-1.0,1482.5
2021-08-30,1480.0,1495.0,1470.0,460000,0.0,1470.0
2021-08-31,1470.0,1490.0,1467.5,153000,0.0,1482.5
2021-09-01,1482.5,1487.5,1472.5,298000,1.0,1480.0
2021-09-02,1482.5,1500.0,1477.5,872000,1.0,1477.5
2021-09-03,1480.0,1520.0,1477.5,1647000,1.0,1480.0
2021-09-06,1500.0,1500.0,1477.5,572000,1.0,1477.5
2021-09-07,1480.0,1482.5,1470.0,293000,1.0,1475.0
2021-09-08,1477.5,1482.5,1470.0,228000,1.0,1475.0
2021-09-09,1475.0,1487.5,1397.5,1071000,1.0,1410.0
2021-09-10,1410.0,1450.0,1410.0,106000,1.0,1450.0
2021-09-13,1455.0,1475.0,1455.0,253000,1.0,1460.0
2021-09-14,1465.0,1490.0,1465.0,159000,0.0,1477.5
2021-09-15,1485.0,1500.0,1477.5,223000,1.0,1497.5
2021-09-16,1520.0,1520.0,1495.0,210000,1.0,1507.5
2021-09-17,1505.0,1512.5,1480.0,222000,-1.0,1512.5
2021-09-20,1512.5,1512.5,1485.0,222000,0.0,1510.0
2021-09-21,1485.0,1517.5,1480.0,445000,0.0,1517.5
2021-09-22,1515.0,1520.0,1495.0,835000,0.0,1520.0
2021-09-23,1530.0,1650.0,1530.0,541000,1.0,1590.0
2021-09-24,1590.0,1797.5,1590.0,1855000,1.0,1742.5
2021-09-27,1750.0,1837.5,1750.0,2337000,1.0,1830.0
2021-09-28,1850.0,2180.0,1850.0,6034000,1.0,2135.0
2021-09-29,2145.0,2555.0,2135.0,8148000,1.0,2540.0
2021-09-30,2550.0,3025.0,2547.5,6473000,1.0,2945.0
2021-10-01,2970.0,3000.0,2740.0,3080000,1.0,2740.0
2021-10-04,2740.0,3000.0,2697.5,2930000,1.0,2732.5
2021-10-05,2750.0,2970.0,2750.0,3758000,1.0,2795.0
2021-10-06,2815.0,2922.5,2800.0,2518000,1.0,2885.0
2021-10-07,2875.0,2905.0,2757.5,2654000,1.0,2900.0
2021-10-08,2900.0,2905.0,2840.0,1386000,1.0,2870.0
2021-10-11,2880.0,2895.0,2850.0,767000,1.0,2860.0
2021-10-12,2862.5,2910.0,2862.5,1060000,1.0,2900.0
2021-10-13,2900.0,2900.0,2800.0,546000,1.0,2830.0
2021-10-14,2827.5,2877.5,2827.5,1590000,1.0,2840.0
2021-10-15,2842.5,2857.5,2835.0,1409000,1.0,2835.0
2021-10-18,2835.0,2840.0,2740.0,970000,1.0,2805.0
2021-10-19,2805.0,2805.0,2760.0,485000,0.0,2770.0
2021-10-21,2770.0,2770.0,2625.0,677000,1.0,2627.5
2021-10-22,2627.5,2627.5,2460.0,594000,1.0,2550.0
2021-10-25,2560.0,2650.0,2560.0,278000,1.0,2640.0
2021-10-26,2650.0,2755.0,2650.0,832000,1.0,2660.0
2021-10-27,2660.0,2662.5,2645.0,357000,1.0,2650.0
2021-10-28,2650.0,2662.5,2600.0,733000,1.0,2650.0
2021-10-29,2650.0,2652.5,2590.0,708000,1.0,2600.0
2021-11-01,2600.0,2600.0,2565.0,266000,1.0,2565.0
2021-11-02,2562.5,2562.5,2415.0,300000,1.0,2415.0
2021-11-03,2405.0,2480.0,2350.0,685000,1.0,2457.5
2021-11-04,2505.0,2650.0,2502.5,373000,1.0,2597.5
2021-11-05,2597.5,2620.0,2595.0,255000,1.0,2600.0
2021-11-08,2605.0,2605.0,2580.0,514000,1.0,2582.5
2021-11-09,2585.0,2600.0,2580.0,692000,1.0,2600.0
2021-11-10,2600.0,2697.5,2580.0,667000,1.0,2582.5
2021-11-11,2582.5,2600.0,2580.0,901000,1.0,2597.5
2021-11-12,2597.5,2602.5,2542.5,688000,1.0,2600.0
2021-11-15,2647.5,2647.5,2550.0,560000,0.0,2592.5
2021-11-16,2580.0,2600.0,2580.0,791000,1.0,2597.5
2021-11-17,2600.0,2625.0,2595.0,798000,1.0,2600.0
2021-11-18,2600.0,2600.0,2580.0,641000,0.0,2590.0
2021-11-19,2590.0,2600.0,2580.0,306000,0.0,2600.0
2021-11-22,2590.0,2602.5,2580.0,841000,1.0,2600.0
2021-11-23,2600.0,2602.5,2590.0,717000,1.0,2600.0
2021-11-24,2600.0,2695.0,2590.0,537000,1.0,2620.0
2021-11-25,2640.0,2640.0,2615.0,238000,1.0,2635.0
2021-11-26,2635.0,2640.0,2577.5,973000,1.0,2625.0
2021-11-29,2625.0,2700.0,2580.0,862000,1.0,2635.0
2021-11-30,2635.0,2890.0,2617.5,781000,1.0,2765.0
2021-12-01,2765.0,2767.5,2577.5,927000,1.0,2765.0
2021-12-02,2750.0,2800.0,2660.0,811000,1.0,2767.5
2021-12-03,2747.5,2750.0,2682.5,1079000,1.0,2720.0
2021-12-06,2720.0,2825.0,2650.0,719000,1.0,2655.0
2021-12-07,2680.0,2722.5,2597.5,864000,1.0,2597.5
2021-12-08,2597.5,2650.0,2587.5,1233000,1.0,2620.0
2021-12-09,2620.0,2650.0,2587.5,441000,1.0,2590.0
2021-12-10,2590.0,2650.0,2585.0,604000,1.0,2650.0
2021-12-13,2650.0,2662.5,2640.0,607000,1.0,2652.5
2021-12-14,2652.5,2670.0,2620.0,622000,1.0,2655.0
2021-12-15,2657.5,2657.5,2637.5,520000,1.0,2640.0
2021-12-16,2640.0,2642.5,2600.0,260000,1.0,2600.0
2021-12-17,2602.5,2700.0,2602.5,839000,-1.0,2700.0
2021-12-20,2702.5,2740.0,2665.0,794000,-1.0,2700.0
2021-12-21,2700.0,2700.0,2637.5,313000,-1.0,2670.0
2021-12-22,2670.0,2700.0,2650.0,322000,-1.0,2700.0
2021-12-23,2660.0,2700.0,2595.0,133000,-1.0,2657.5
2021-12-24,2657.5,2690.0,2647.5,494000,1.0,2690.0
2021-12-27,2690.0,2700.0,2690.0,180000,-1.0,2690.0
2021-12-28,2690.0,2690.0,2600.0,294000,-1.0,2650.0
2021-12-29,2660.0,2675.0,2635.0,337000,0.0,2650.0
2021-12-30,2650.0,2700.0,2630.0,829000,0.0,2700.0
2022-01-03,2675.0,2675.0,2620.0,944000,1.0,2620.0
2022-01-04,2620.0,2650.0,2580.0,1092000,1.0,2650.0
2022-01-05,2650.0,2652.5,2625.0,632000,1.0,2642.5
2022-01-06,2640.0,2697.5,2622.5,782000,1.0,2630.0
2022-01-07,2650.0,2660.0,2620.0,1586000,0.0,2625.0
2022-01-10,2605.0,2670.0,2605.0,930000,1.0,2625.0
2022-01-11,2627.5,2735.0,2615.0,497000,1.0,2735.0
2022-01-12,2735.0,3037.5,2707.5,1251000,1.0,2865.0
2022-01-13,2865.0,2950.0,2710.0,604000,1.0,2950.0
2022-01-14,2950.0,3050.0,2890.0,1187000,1.0,3047.5
2022-01-17,3047.5,3375.0,3045.0,1023000,1.0,3200.0
2022-01-18,3192.5,3350.0,3175.0,519000,1.0,3215.0
2022-01-19,3215.0,3300.0,3200.0,991000,1.0,3287.5
2022-01-20,3287.5,3500.0,3250.0,1137000,1.0,3472.5
2022-01-21,3450.0,3550.0,3325.0,981000,1.0,3542.5
2022-01-24,3542.5,3680.0,3500.0,1067000,0.0,3675.0
2022-01-25,3675.0,3720.0,3600.0,914000,1.0,3692.5
2022-01-26,3692.5,3717.5,3650.0,1141000,1.0,3675.0
2022-01-27,3675.0,3900.0,3675.0,569000,1.0,3790.0
2022-01-28,3790.0,3900.0,3605.0,1201000,1.0,3667.5
2022-01-31,3545.0,3700.0,3532.5,497000,0.0,3680.0
2022-02-02,3680.0,3680.0,3522.5,246000,0.0,3630.0
2022-02-03,3630.0,3630.0,3535.0,185000,0.0,3550.0
2022-02-04,3550.0,3750.0,3550.0,516000,1.0,3732.5
2022-02-07,3750.0,3970.0,3700.0,439000,1.0,3810.0
2022-02-08,3812.5,3812.5,3650.0,352000,1.0,3697.5
2022-02-09,3697.5,3785.0,3677.5,473000,1.0,3750.0
2022-02-10,3750.0,3750.0,3675.0,210000,1.0,3690.0
2022-02-11,3650.0,3672.5,3600.0,307000,1.0,3600.0
2022-02-14,3600.0,3747.5,3575.0,301000,1.0,3645.0
2022-02-15,3645.0,3647.5,3565.0,151000,1.0,3590.0
2022-02-16,3587.5,3600.0,3585.0,68000,1.0,3587.5
2022-02-17,3600.0,3600.0,3560.0,230000,1.0,3560.0
2022-02-18,3560.0,3560.0,3532.5,297000,1.0,3537.5
2022-02-21,3550.0,3575.0,3537.5,492000,1.0,3537.5
2022-02-22,3537.5,3670.0,3532.5,484000,-1.0,3600.0
2022-02-23,3600.0,3925.0,3600.0,832000,1.0,3700.0
2022-02-24,3700.0,3752.5,3637.5,947000,1.0,3700.0
2022-02-25,3710.0,3777.5,3705.0,451000,1.0,3755.0
2022-03-01,3780.0,3850.0,3752.5,539000,1.0,3755.0
2022-03-02,3792.5,3900.0,3792.5,567000,1.0,3895.0
2022-03-04,3895.0,4292.5,3895.0,1007000,1.0,4172.5
2022-03-07,4180.0,4487.5,4180.0,912000,1.0,4295.0
2022-03-08,4295.0,4400.0,4265.0,850000,1.0,4350.0
2022-03-09,4350.0,4500.0,4345.0,549000,1.0,4447.5
2022-03-10,4440.0,4492.5,4230.0,860000,1.0,4247.5
2022-03-11,4222.5,4390.0,4010.0,610000,1.0,4010.0
2022-03-14,4050.0,4085.0,3932.5,335000,1.0,4017.5
2022-03-15,4017.5,4150.0,3935.0,566000,1.0,4027.5
2022-03-16,4035.0,4197.5,3992.5,451000,1.0,4000.0
2022-03-17,3997.5,4100.0,3890.0,404000,1.0,4090.0
2022-03-18,4065.0,4200.0,4000.0,614000,1.0,4197.5
2022-03-21,4197.5,4200.0,4115.0,133000,1.0,4140.0
2022-03-22,4140.0,4200.0,4105.0,399000,1.0,4200.0
2022-03-23,4200.0,4200.0,4175.0,346000,1.0,4197.5
2022-03-24,4197.5,4200.0,4157.5,261000,1.0,4162.5
2022-03-25,4162.5,4200.0,4140.0,238000,1.0,4197.5
2022-03-28,4197.5,4200.0,4192.5,208000,1.0,4197.5
2022-03-29,4197.5,4200.0,4175.0,195000,1.0,4195.0
2022-03-30,4195.0,4200.0,4150.0,41000,1.0,4172.5
2022-03-31,4172.5,4350.0,4172.5,1060000,1.0,4335.0
2022-04-01,4340.0,4350.0,4307.5,372000,1.0,4350.0
2022-04-04,4350.0,4390.0,4300.0,337000,1.0,4380.0
2022-04-05,4380.0,4380.0,4280.0,54000,-1.0,4300.0
2022-04-06,4300.0,4387.5,4300.0,231000,-1.0,4300.0
2022-04-07,4307.5,4387.5,4295.0,208000,0.0,4307.5
2022-04-08,4307.5,4377.5,4305.0,159000,1.0,4375.0
2022-04-11,4385.0,4440.0,4380.0,284000,1.0,4397.5
2022-04-12,4400.0,4400.0,4210.0,301000,1.0,4277.5
2022-04-13,4277.5,4300.0,4197.5,222000,1.0,4300.0
2022-04-14,4300.0,4350.0,4210.0,291000,1.0,4320.0
2022-04-18,4325.0,4325.0,4287.5,308000,1.0,4300.0
2022-04-19,4310.0,4310.0,4225.0,97000,1.0,4250.0
2022-04-20,4300.0,4337.5,4220.0,247000,1.0,4317.5
2022-04-21,4317.5,4335.0,4200.0,153000,1.0,4220.0
2022-04-22,4222.5,4242.5,4200.0,131000,1.0,4230.0
2022-04-25,4232.5,4232.5,4145.0,163000,-1.0,4150.0
2022-04-26,4150.0,4332.5,4150.0,235000,0.0,4200.0
2022-04-27,4200.0,4297.5,4195.0,222000,0.0,4200.0
2022-04-28,4225.0,4280.0,4195.0,401000,0.0,4250.0
2022-05-09,4260.0,4775.0,4250.0,712000,0.0,4737.5
2022-05-10,4737.5,4985.0,4500.0,1211000,0.0,4500.0
2022-05-11,4500.0,4700.0,4500.0,485000,0.0,4640.0
2022-05-12,4800.0,4800.0,4450.0,976000,1.0,4450.0
2022-05-13,4450.0,4600.0,4450.0,288000,1.0,4520.0
2022-05-17,4530.0,4600.0,4520.0,436000,1.0,4600.0
2022-05-18,4600.0,4700.0,4597.5,467000,1.0,4600.0
2022-05-19,4600.0,4670.0,4542.5,322000,1.0,4545.0
2022-05-20,4547.5,4700.0,4540.0,563000,1.0,4645.0
2022-05-23,4655.0,5300.0,4655.0,1538000,0.0,5227.5
2022-05-24,5250.0,5350.0,5062.5,818000,1.0,5177.5
2022-05-25,5177.5,5290.0,5177.5,632000,0.0,5280.0
2022-05-27,5300.0,6000.0,5225.0,1409000,0.0,5440.0
2022-05-30,5440.0,5500.0,5180.0,702000,-1.0,5290.0
2022-05-31,5287.5,5680.0,5285.0,245000,1.0,5377.5
2022-06-02,5377.5,5500.0,5375.0,447000,1.0,5417.5
2022-06-03,5440.0,5455.0,5392.5,1085000,1.0,5450.0
2022-06-06,5450.0,5450.0,5432.5,207000,1.0,5437.5
2022-06-07,5430.0,5450.0,5420.0,402000,1.0,5437.5
2022-06-08,5437.5,6000.0,5437.5,370000,1.0,5495.0
2022-06-09,5495.0,6200.0,5490.0,855000,1.0,5890.0
2022-06-10,5945.0,6700.0,5945.0,832000,1.0,6600.0
2022-06-13,6600.0,6900.0,6560.0,1116000,0.0,6677.5
2022-06-14,6677.5,6695.0,6497.5,538000,0.0,6677.5
2022-06-15,6652.5,6652.5,6290.0,336000,1.0,6290.0
2022-06-16,6270.0,6450.0,5990.0,1072000,1.0,6437.5
2022-06-17,6437.5,6500.0,6177.5,808000,1.0,6482.5
2022-06-20,6482.5,6482.5,6337.5,287000,1.0,6340.0
2022-06-21,6340.0,6500.0,6340.0,553000,1.0,6422.5
2022-06-22,6425.0,6500.0,6375.0,979000,1.0,6405.0
2022-06-23,6405.0,6480.0,6297.5,534000,1.0,6400.0
2022-06-24,6400.0,6500.0,6397.5,168000,1.0,6420.0
2022-06-27,6425.0,6500.0,6380.0,282000,1.0,6490.0
2022-06-28,6492.5,7122.5,6490.0,656000,1.0,7092.5
2022-06-29,7092.5,7600.0,7080.0,452000,1.0,7500.0
2022-06-30,7600.0,8000.0,7560.0,598000,1.0,7795.0
2022-07-01,7797.5,8170.0,7795.0,521000,1.0,7880.0
2022-07-04,7880.0,7990.0,7520.0,730000,1.0,7950.0
2022-07-05,8000.0,8500.0,7950.0,556000,1.0,8000.0
2022-07-06,8050.0,8200.0,7500.0,327000,1.0,7637.5
2022-07-07,7637.5,7637.5,7300.0,378000,1.0,7325.0
2022-07-08,7325.0,7330.0,6947.5,376000,1.0,7045.0
2022-07-11,7045.0,7600.0,7045.0,433000,1.0,7250.0
2022-07-12,7350.0,7500.0,6982.5,452000,1.0,7200.0
2022-07-13,7200.0,7397.5,7050.0,517000,0.0,7100.0
2022-07-14,7100.0,7240.0,7087.5,120000,0.0,7235.0
2022-07-15,7237.5,7237.5,7050.0,98000,1.0,7112.5
2022-07-18,7112.5,7112.5,6615.0,782000,1.0,6615.0
2022-07-19,6630.0,6872.5,6600.0,302000,1.0,6615.0
2022-07-20,6642.5,6750.0,6615.0,191000,1.0,6622.5
2022-07-21,6617.5,6657.5,6615.0,84000,1.0,6622.5
2022-07-22,6622.5,6645.0,6600.0,184000,1.0,6610.0
2022-07-25,6610.0,6650.0,6600.0,173000,0.0,6617.5
2022-07-26,6617.5,6617.5,6600.0,62000,0.0,6605.0
2022-07-27,6605.0,6700.0,6605.0,157000,1.0,6692.5
2022-07-28,6697.5,6850.0,6670.0,138000,1.0,6800.0
2022-07-29,6800.0,6890.0,6740.0,161000,0.0,6797.5
2022-08-01,6797.5,6890.0,6640.0,165000,1.0,6810.0
2022-08-02,6810.0,6810.0,6700.0,98000,1.0,6710.0
2022-08-03,6710.0,6710.0,6642.5,265000,-1.0,6700.0
2022-08-04,6700.0,6720.0,6600.0,356000,-1.0,6600.0
2022-08-05,6597.5,6622.5,6597.5,188000,1.0,6610.0
2022-08-08,6600.0,6650.0,6600.0,222000,1.0,6650.0
2022-08-09,6650.0,6652.5,6607.5,194000,1.0,6650.0
2022-08-10,6650.0,6655.0,6610.0,106000,1.0,6610.0
2022-08-11,6610.0,6650.0,6610.0,69000,1.0,6610.0
2022-08-12,6650.0,6750.0,6605.0,104000,1.0,6610.0
2022-08-15,6610.0,6610.0,6600.0,113000,1.0,6602.5
2022-08-16,6605.0,6605.0,6580.0,88000,1.0,6580.0
2022-08-18,6580.0,6600.0,6580.0,25000,1.0,6580.0
2022-08-19,6585.0,6585.0,6557.5,94000,-1.0,6580.0
2022-08-22,6580.0,6580.0,6507.5,90000,1.0,6507.5
2022-08-23,6507.5,6507.5,6400.0,245000,1.0,6417.5
2022-08-24,6417.5,6700.0,6300.0,361000,1.0,6647.5
2022-08-25,6647.5,6647.5,6547.5,35000,1.0,6547.5
2022-08-26,6540.0,6540.0,6500.0,34000,1.0,6500.0
2022-08-29,6500.0,6500.0,6415.0,14000,1.0,6415.0
2022-08-30,6415.0,6415.0,6350.0,130000,1.0,6355.0
2022-08-31,6355.0,6395.0,6355.0,23000,1.0,6362.5
2022-09-01,6362.5,6612.5,6362.5,96000,1.0,6537.5
2022-09-02,6537.5,6645.0,6500.0,155000,1.0,6645.0
2022-09-05,6645.0,6747.5,6645.0,278000,1.0,6700.0
2022-09-06,6777.5,6820.0,6607.5,117000,1.0,6800.0
2022-09-07,6800.0,6810.0,6700.0,70000,1.0,6705.0
2022-09-08,6705.0,6705.0,6602.5,89000,1.0,6602.5
2022-09-09,6602.5,6602.5,6550.0,83000,1.0,6597.5
2022-09-12,6600.0,6600.0,6532.5,113000,1.0,6532.5
2022-09-13,6535.0,6650.0,6535.0,39000,1.0,6650.0
2022-09-14,6650.0,6660.0,6537.5,80000,0.0,6540.0
2022-09-15,6537.5,6647.5,6537.5,167000,1.0,6625.0
2022-09-16,6897.5,6897.5,6510.0,122000,1.0,6620.0
2022-09-19,6620.0,6652.5,6500.0,178000,1.0,6615.0
2022-09-20,6615.0,6615.0,6522.5,30000,1.0,6522.5
2022-09-21,6522.5,6530.0,6510.0,96000,1.0,6530.0
2022-09-22,6525.0,6765.0,6500.0,185000,0.0,6570.0
2022-09-23,6572.5,6580.0,6537.5,144000,0.0,6540.0
2022-09-26,6550.0,6650.0,6540.0,225000,1.0,6550.0
2022-09-27,6650.0,6690.0,6550.0,480000,1.0,6550.0
2022-09-28,6550.0,6700.0,6550.0,71000,1.0,6697.5
2022-09-29,6697.5,6700.0,6600.0,221000,1.0,6600.0
2022-09-30,6600.0,6700.0,6552.5,192000,-1.0,6700.0
2022-10-03,6700.0,6700.0,6600.0,173000,0.0,6612.5
2022-10-04,6612.5,6700.0,6597.5,332000,0.0,6685.0
2022-10-05,6685.0,6810.0,6682.5,301000,0.0,6720.0
2022-10-06,6720.0,6750.0,6655.0,338000,0.0,6730.0
2022-10-07,6730.0,6787.5,6687.5,297000,1.0,6770.0
2022-10-10,6770.0,6840.0,6767.5,273000,1.0,6827.5
2022-10-11,6820.0,6880.0,6792.5,388000,1.0,6877.5
2022-10-12,6880.0,8000.0,6880.0,448000,1.0,7095.0
2022-10-13,7095.0,7350.0,7075.0,303000,1.0,7292.5
2022-10-14,7292.5,7450.0,7152.5,244000,1.0,7232.5
2022-10-17,7290.0,7290.0,7210.0,223000,1.0,7260.0
2022-10-18,7262.5,7270.0,7250.0,333000,0.0,7257.5
2022-10-19,7257.5,7257.5,7100.0,196000,1.0,7187.5
2022-10-20,7180.0,7185.0,7120.0,71000,1.0,7120.0
2022-10-21,7120.0,7120.0,7100.0,169000,1.0,7100.0
2022-10-24,7100.0,7100.0,7015.0,50000,0.0,7017.5
2022-10-25,7017.5,7250.0,7017.5,147000,1.0,7050.0
2022-10-26,7080.0,7130.0,7075.0,160000,1.0,7095.0
2022-10-27,7100.0,7210.0,7077.5,424000,1.0,7077.5
2022-10-28,7077.5,7255.0,7077.5,280000,1.0,7210.0
2022-10-31,7280.0,7400.0,7280.0,213000,1.0,7350.0
2022-11-01,7350.0,7362.5,7280.0,198000,1.0,7300.0
2022-11-02,7300.0,7302.5,7262.5,78000,1.0,7262.5
2022-11-03,7262.5,7297.5,7187.5,171000,1.0,7290.0
2022-11-04,7290.0,7290.0,7280.0,109000,1.0,7290.0
2022-11-07,7315.0,7330.0,7210.0,157000,1.0,7330.0
2022-11-08,7330.0,7350.0,7255.0,115000,1.0,7257.5
2022-11-09,7257.5,7257.5,7230.0,131000,1.0,7232.5
2022-11-10,7232.5,7232.5,7210.0,538000,1.0,7230.0
2022-11-11,7232.5,7310.0,7230.0,145000,1.0,7310.0
2022-11-14,7310.0,7320.0,7305.0,357000,1.0,7305.0
2022-11-15,7305.0,7397.5,7305.0,96000,1.0,7350.0
2022-11-16,7350.0,7687.5,7350.0,224000,1.0,7597.5
2022-11-17,7597.5,8470.0,7595.0,282000,1.0,8397.5
2022-11-18,8390.0,8900.0,8272.5,327000,1.0,8630.0
2022-11-21,8655.0,9450.0,8655.0,517000,1.0,9200.0
2022-11-22,9200.0,9750.0,9200.0,624000,-1.0,9255.0
2022-11-23,9255.0,9700.0,9255.0,488000,-1.0,9450.0
2022-11-24,9437.5,9700.0,9125.0,247000,1.0,9300.0
2022-11-25,9300.0,9300.0,9112.5,67000,1.0,9145.0
2022-11-28,9145.0,9500.0,9145.0,113000,1.0,9315.0
2022-11-29,9315.0,9500.0,9235.0,108000,1.0,9235.0
2022-11-30,9240.0,9312.5,9240.0,33000,1.0,9310.0
2022-12-01,9310.0,9700.0,9310.0,2600000,1.0,9450.0
2022-12-02,9675.0,11325.0,9425.0,2032000,1.0,11325.0
2022-12-05,11700.0,13575.0,11550.0,1659900,1.0,13575.0
2022-12-06,13600.0,16275.0,13575.0,3473400,1.0,14625.0
2022-12-07,14900.0,15800.0,14600.0,1579300,1.0,15225.0
2022-12-08,15300.0,15550.0,14175.0,1289900,1.0,14550.0
2022-12-09,14550.0,14700.0,13550.0,1314000,1.0,13550.0
2022-12-12,13450.0,13600.0,12625.0,1222000,0.0,13000.0
2022-12-13,13025.0,13950.0,13000.0,956100,1.0,13175.0
2022-12-14,13250.0,13625.0,13175.0,940800,1.0,13300.0
2022-12-15,13350.0,13350.0,13000.0,273800,1.0,13175.0
2022-12-16,13175.0,13950.0,13000.0,675500,1.0,13950.0
2022-12-19,14000.0,14350.0,13600.0,1095100,0.0,14150.0
2022-12-20,14000.0,16950.0,13750.0,2896500,0.0,16300.0
2022-12-21,16325.0,18500.0,16300.0,3483500,0.0,18450.0
2022-12-22,18500.0,18650.0,17450.0,2298000,1.0,18050.0
2022-12-23,18000.0,18850.0,17650.0,1991200,1.0,18575.0
2022-12-26,18550.0,21700.0,18500.0,2805600,1.0,20575.0
2022-12-27,20625.0,24325.0,20625.0,7500800,1.0,23400.0
2022-12-28,23550.0,24800.0,21775.0,5147600,1.0,21775.0
2022-12-29,21775.0,22775.0,20275.0,4600200,1.0,20725.0
2022-12-30,20725.0,21475.0,19825.0,2699500,1.0,21000.0
