date,open,high,low,volume,close
2018-01-01,1060,1060,1060,0,1060
2018-01-02,1080,1080,1060,265000,1070
2018-01-03,1080,1080,1065,230000,1070
2018-01-04,1050,1075,1050,410000,1060
2018-01-05,1070,1070,1065,267000,1065
2018-01-08,1040,1060,1020,311000,1040
2018-01-09,1040,1050,1040,67000,1050
2018-01-10,1047.5,1050,930,544000,950
2018-01-11,975,1075,975,654000,1055
2018-01-12,1070,1070,1020,22000,1025
2018-01-15,1027.5,1080,1027.5,331000,1080
2018-01-16,1070,1070,1065,66000,1065
2018-01-17,1070,1070,1065,350000,1065
2018-01-18,1070,1090,1070,426000,1090
2018-01-19,1075,1080,1075,243000,1075
2018-01-22,1080,1080,1070,71000,1070
2018-01-23,1080,1080,1077.5,34000,1077.5
2018-01-24,1080,1090,1080,407000,1090
2018-01-25,1090,1095,1090,102000,1092.5
2018-01-26,1092.5,1095,1092.5,131000,1092.5
2018-01-29,1090,1090,1085,21000,1085
2018-01-30,1085,1090,1080,25000,1080
2018-01-31,1070,1070,1060,29000,1070
2018-02-01,1050,1050,1030,69000,1050
2018-02-02,1050,1050,1050,0,1050
2018-02-05,1080,1080,1070,23000,1070
2018-02-06,1070,1080,1070,82000,1080
2018-02-07,1070,1080,1070,38000,1070
2018-02-08,1075,1075,1075,5000,1075
2018-02-09,1075,1075,1075,155000,1075
2018-02-12,1080,1080,1075,202000,1080
2018-02-13,1080,1080,1075,107000,1080
2018-02-14,1075,1075,1075,51000,1075
2018-02-15,1080,1080,1075,113000,1080
2018-02-16,1080,1080,1080,0,1080
2018-02-19,1077.5,1077.5,1075,51000,1075
2018-02-20,1085,1085,1075,65000,1075
2018-02-21,1080,1080,1075,22000,1080
2018-02-22,1080,1080,1070,318000,1070
2018-02-23,1080,1080,1070,110000,1070
2018-02-26,1075,1080,1075,32000,1075
2018-02-27,1077.5,1077.5,1075,9000,1075
2018-02-28,1075,1075,1075,10000,1075
2018-03-01,1075,1077.5,1075,116000,1075
2018-03-02,1075,1075,1075,50000,1075
2018-03-05,1075,1075,1075,0,1075
2018-03-06,1075,1075,1075,8000,1075
2018-03-07,1075,1075,1070,44000,1070
2018-03-08,1075,1075,1075,8000,1075
2018-03-09,1075,1075,1075,20000,1075
2018-03-12,1075,1075,1075,0,1075
2018-03-13,1075,1075,1075,10000,1075
2018-03-14,1075,1075,1075,5000,1075
2018-03-15,1070,1070,1065,18000,1065
2018-03-16,1075,1075,1070,42000,1070
2018-03-19,1075,1075,1075,18000,1075
2018-03-20,1075,1075,1075,0,1075
2018-03-21,1075,1080,1075,47000,1080
2018-03-22,1080,1080,1080,0,1080
2018-03-23,1080,1080,1080,1000,1080
2018-03-26,1080,1080,1080,0,1080
2018-03-27,1077.5,1077.5,1077.5,18000,1077.5
2018-03-28,1077.5,1077.5,1070,2000,1070
2018-03-29,1070,1070,1070,0,1070
2018-03-30,1070,1070,1070,0,1070
2018-04-02,1070,1070,1070,0,1070
2018-04-03,1070,1070,1070,0,1070
2018-04-04,1070,1070,1070,0,1070
2018-04-05,1070,1070,1070,0,1070
2018-04-06,1070,1070,1070,0,1070
2018-04-09,1070,1070,1070,13000,1070
2018-04-10,1070,1070,1070,17000,1070
2018-04-11,1070,1070,1070,0,1070
2018-04-12,1070,1070,1070,0,1070
2018-04-13,1085,1085,1080,51000,1080
2018-04-16,1080,1080,1080,0,1080
2018-04-17,1080,1080,1080,0,1080
2018-04-18,1085,1085,1085,50000,1085
2018-04-19,1085,1085,1085,0,1085
2018-04-20,1085,1085,1085,0,1085
2018-04-23,1100,1100,1090,90000,1100
2018-04-24,1100,1100,1100,1000,1100
2018-04-25,1100,1100,1100,0,1100
2018-04-26,1100,1100,1100,0,1100
2018-04-27,1100,1100,1100,0,1100
2018-04-30,1260,1260,1097.5,3000,1097.5
2018-05-01,1097.5,1097.5,1097.5,0,1097.5
2018-05-02,1097.5,1097.5,1097.5,9000,1097.5
2018-05-03,1097.5,1097.5,1097.5,0,1097.5
2018-05-04,1097.5,1097.5,1092.5,215000,1095
2018-05-07,1095,1095,1095,50000,1095
2018-05-08,1095,1095,1095,52000,1095
2018-05-09,1095,1095,1095,9000,1095
2018-05-10,1095,1095,1095,0,1095
2018-05-11,1095,1095,1095,0,1095
2018-05-14,1090,1090,1090,1000,1090
2018-05-15,1090,1090,1090,0,1090
2018-05-16,1090,1090,1090,0,1090
2018-05-17,1087.5,1090,1087.5,38000,1090
2018-05-18,1090,1090,1090,0,1090
2018-05-21,1090,1090,1090,0,1090
2018-05-22,1090,1090,1090,0,1090
2018-05-23,1087.5,1087.5,875,11000,875
2018-05-24,902.5,1050,900,12000,1050
2018-05-25,1050,1050,1050,0,1050
2018-05-28,1095,1095,1095,70000,1095
2018-05-29,1095,1095,1095,0,1095
2018-05-30,1110,1110,1090,77000,1110
2018-05-31,1100,1125,1100,2038000,1110
2018-06-01,1110,1110,1110,0,1110
2018-06-04,1107.5,1125,1107.5,1450000,1125
2018-06-05,1130,1135,1115,497000,1125
2018-06-06,1125,1132.5,1120,1661000,1132.5
2018-06-07,1135,1140,1130,2479000,1137.5
2018-06-08,1125,1130,1060,85000,1060
2018-06-11,1060,1060,1060,0,1060
2018-06-12,1060,1060,1060,0,1060
2018-06-13,1060,1060,1060,0,1060
2018-06-14,1060,1060,1060,0,1060
2018-06-15,1060,1060,1060,0,1060
2018-06-18,1060,1060,1060,0,1060
2018-06-19,1060,1060,1060,0,1060
2018-06-20,1060,1065,1060,11000,1065
2018-06-21,1110,1135,1110,333000,1135
2018-06-22,1135,1200,1135,1767000,1200
2018-06-25,1200,1200,1190,665000,1195
2018-06-26,1197.5,1427.5,1195,690000,1400
2018-06-27,1680,1680,1395,138000,1395
2018-06-28,1400,1500,1400,208000,1450
2018-06-29,1400,1452.5,1385,589000,1452.5
2018-07-02,1452.5,1452.5,1445,306000,1445
2018-07-03,1447.5,1447.5,1442.5,500000,1447.5
2018-07-04,1450,1470,1447.5,434000,1447.5
2018-07-05,1460,1462.5,1455,294000,1462.5
2018-07-06,1462.5,1650,1462.5,158000,1565
2018-07-09,1565,1600,1560,158000,1595
2018-07-10,1595,1800,1595,300000,1690
2018-07-11,1690,1825,1690,99000,1755
2018-07-12,1755,1757.5,1752.5,454000,1757.5
2018-07-13,1757.5,1760,1755,437000,1760
2018-07-16,1760,1760,1755,446000,1760
2018-07-17,1757.5,1760,1755,193000,1755
2018-07-18,1750,1757.5,1750,259000,1755
2018-07-19,1757.5,1850,1750,1022000,1850
2018-07-20,1850,1850,1840,247000,1842.5
2018-07-23,1850,1850,1820,418000,1825
2018-07-24,1850,1850,1800,40000,1810
2018-07-25,1840,1840,1815,95000,1822.5
2018-07-26,1802.5,1825,1800,44000,1815
2018-07-27,1815,1815,1800,16000,1810
2018-07-30,1810,2000,1800,442000,1900
2018-07-31,1900,2000,1900,603000,1975
2018-08-01,1975,1975,1965,99000,1965
2018-08-02,1965,1965,1960,383000,1962.5
2018-08-03,1960,1960,1940,9000,1940
2018-08-06,1970,1970,1955,358000,1960
2018-08-07,1990,2000,1970,161000,2000
2018-08-08,2000,2000,1995,49000,1995
2018-08-09,2002.5,2002.5,1985,22000,1985
2018-08-10,1990,1990,1980,91000,1980
2018-08-13,1980,1980,1650,69000,1650
2018-08-14,1655,1900,1650,185000,1900
2018-08-15,2000,2057.5,2000,19000,2000
2018-08-16,2000,2000,1995,18000,1995
2018-08-17,1995,1995,1995,0,1995
2018-08-20,1992.5,1995,1980,19000,1992.5
2018-08-21,1992.5,1992.5,1930,67000,1980
2018-08-22,1980,1980,1980,0,1980
2018-08-23,1932.5,1955,1932.5,20000,1945
2018-08-24,1937.5,1970,1937.5,25000,1965
2018-08-27,1950,2000,1950,20000,2000
2018-08-28,2000,2020,1995,31000,2000
2018-08-29,2000,2000,2000,7000,2000
2018-08-30,1990,1990,1970,30000,1970
2018-08-31,1960,1980,1960,25000,1975
2018-09-03,1975,1997.5,1940,5000,1940
2018-09-04,1962.5,1962.5,1940,17000,1940
2018-09-05,1932.5,1985,1900,20000,1985
2018-09-06,1985,1985,1960,20000,1960
2018-09-07,1960,1960,1960,1000,1960
2018-09-10,1970,1980,1970,7000,1980
2018-09-11,1980,1980,1980,0,1980
2018-09-12,1980,1980,1980,0,1980
2018-09-13,1980,1980,1957.5,33000,1980
2018-09-14,1980,1980,1980,3000,1980
2018-09-17,1980,1995,1980,14000,1980
2018-09-18,1980,1980,1980,0,1980
2018-09-19,1980,1980,1970,6000,1970
2018-09-20,1980,1980,1980,5000,1980
2018-09-21,1980,1980,1980,0,1980
2018-09-24,1980,1980,1980,0,1980
2018-09-25,1970,1970,1967.5,16000,1970
2018-09-26,1970,1970,1967.5,13000,1970
2018-09-27,1970,1970,1967.5,9000,1970
2018-09-28,1970,1970,1855,8000,1855
2018-10-01,1967.5,1967.5,1965,6000,1965
2018-10-02,1965,1980,1962.5,100000,1967.5
2018-10-03,1970,1970,1575,21000,1967.5
2018-10-04,1965,1967.5,1965,4000,1967.5
2018-10-05,1967.5,1967.5,1962.5,5000,1962.5
2018-10-08,1962.5,1962.5,1962.5,0,1962.5
2018-10-09,1965,1965,1910,10000,1962.5
2018-10-10,1965,1965,1965,5000,1965
2018-10-11,1947.5,1950,1910,17000,1910
2018-10-12,1960,1967.5,1935,42000,1967.5
2018-10-15,1965,1965,1950,5000,1950
2018-10-16,1950,1967.5,1940,21000,1965
2018-10-17,1962.5,1962.5,1950,13000,1960
2018-10-18,1960,1965,1950,63000,1950
2018-10-19,1950,1950,1890,6000,1945
2018-10-22,1945,1945,1930,109000,1945
2018-10-23,1945,1945,1930,88000,1930
2018-10-24,1945,1967.5,1945,53000,1950
2018-10-25,1950,1950,1940,27000,1940
2018-10-26,1940,1967.5,1940,31000,1967.5
2018-10-29,1960,1960,1935,150000,1960
2018-10-30,1960,1960,1900,53000,1960
2018-10-31,1940,1960,1940,51000,1960
2018-11-01,1950,1960,1950,8000,1960
2018-11-02,1957.5,1957.5,1957.5,3000,1957.5
2018-11-05,1957.5,1960,1950,76000,1960
2018-11-06,1960,1965,1960,44000,1965
2018-11-07,1962.5,1965,1960,15000,1965
2018-11-08,1965,1965,1962.5,28000,1962.5
2018-11-09,1962.5,1962.5,1962.5,0,1962.5
2018-11-12,1970,1970,1965,20000,1965
2018-11-13,2000,2000,1980,6000,1980
2018-11-14,1980,1980,1980,0,1980
2018-11-15,1975,1975,1960,22000,1975
2018-11-16,1975,1975,1970,6000,1970
2018-11-19,1967.5,2000,1967.5,4000,2000
2018-11-20,2000,2000,2000,0,2000
2018-11-21,1980,1980,1970,26000,1970
2018-11-22,1970,1980,1965,66000,1980
2018-11-23,1985,1990,1980,13000,1985
2018-11-26,1985,1995,1975,19000,1990
2018-11-27,1995,2000,1985,20000,1985
2018-11-28,1985,1985,1985,0,1985
2018-11-29,1985,1985,1985,0,1985
2018-11-30,1985,1985,1985,0,1985
2018-12-03,1985,1985,1985,0,1985
2018-12-04,1985,1985,1985,0,1985
2018-12-05,1985,1985,1975,15000,1975
2018-12-06,1975,1975,1975,0,1975
2018-12-07,1975,1975,1975,0,1975
2018-12-10,1975,1975,1975,1000,1975
2018-12-11,1975,1975,1975,0,1975
2018-12-12,1990,1990,1990,22000,1990
2018-12-13,1990,1990,1990,0,1990
2018-12-14,1997.5,1997.5,1997.5,5000,1997.5
2018-12-17,1997.5,1997.5,1900,142000,1920
2018-12-18,1920,1920,1917.5,11000,1917.5
2018-12-19,1880,1880,1880,1000,1880
2018-12-20,1880,1880,1880,0,1880
2018-12-21,1880,1880,1880,0,1880
2018-12-24,1880,1880,1880,0,1880
2018-12-25,1880,1880,1880,0,1880
2018-12-26,1900,1900,1900,21614000,1900
2018-12-27,1900,1900,1900,0,1900
2018-12-28,1900,1987.5,1900,200000,1987.5
2018-12-31,1987.5,1987.5,1987.5,0,1987.5
2019-01-01,1987.5,1987.5,1987.5,0,1987.5
2019-01-02,1987.5,1987.5,1987.5,0,1987.5
2019-01-03,1987.5,1987.5,1987.5,0,1987.5
2019-01-04,1987.5,1987.5,1987.5,0,1987.5
2019-01-07,1900,1900,1880,312000,1880
2019-01-08,1787.5,1837.5,1770,206000,1780
2019-01-09,1780,1780,1680,174000,1767.5
2019-01-10,1767.5,1767.5,1750,76000,1750
2019-01-11,1760,1780,1750,118000,1780
2019-01-14,1797.5,1800,1785,94000,1800
2019-01-15,1800,1800,1800,42000,1800
2019-01-16,1800,1825,1800,99000,1825
2019-01-17,1825,1825,1825,0,1825
2019-01-18,1825,1825,1790,47000,1790
2019-01-21,1912.5,1912.5,1840,21000,1840
2019-01-22,1880,1880,1810,19000,1810
2019-01-23,1840,1840,1810,11000,1810
2019-01-24,1890,1890,1820,10000,1820
2019-01-25,1820,1820,1820,0,1820
2019-01-28,1820,1820,1810,8000,1810
2019-01-29,1880,1880,1880,5000,1880
2019-01-30,1875,1875,1830,26000,1830
2019-01-31,1850,1900,1800,276000,1900
2019-02-01,1900,1900,1870,13000,1870
2019-02-04,1930,1950,1930,3000,1950
2019-02-05,1950,1950,1950,0,1950
2019-02-06,1950,1950,1860,59000,1870
2019-02-07,1900,1900,1862.5,202000,1887.5
2019-02-08,1890,1890,1890,240000,1890
2019-02-11,1890,1895,1880,22000,1890
2019-02-12,1900,1900,1800,45000,1800
2019-02-13,1900,1900,1880,18000,1890
2019-02-14,1890,1890,1890,0,1890
2019-02-15,1875,1875,1870,11000,1870
2019-02-18,1870,1870,1870,0,1870
2019-02-19,1900,1900,1890,78000,1900
2019-02-20,1900,1900,1900,0,1900
2019-02-21,1900,1900,1882.5,4000,1882.5
2019-02-22,1885,1925,1885,252000,1900
2019-02-25,1900,1900,1900,0,1900
2019-02-26,1900,1900,1880,14000,1880
2019-02-27,1897.5,1897.5,1897.5,1000,1897.5
2019-02-28,1897.5,1897.5,1897.5,0,1897.5
2019-03-01,1880,1880,1880,9000,1880
2019-03-04,1880,1880,1880,0,1880
2019-03-05,1880,1880,1880,0,1880
2019-03-06,1880,1880,1880,5000,1880
2019-03-07,1880,1880,1880,0,1880
2019-03-08,1880,1880,1880,0,1880
2019-03-11,1870,1870,1800,44000,1800
2019-03-12,1790,1880,1780,130000,1880
2019-03-13,1860,1860,1860,5000,1860
2019-03-14,1850,1850,1850,4000,1850
2019-03-15,1850,1850,1850,0,1850
2019-03-18,1850,1905,1850,400000,1905
2019-03-19,1905,1905,1905,0,1905
2019-03-20,1905,1905,1905,0,1905
2019-03-21,1905,1905,1905,0,1905
2019-03-22,1905,1905,1905,0,1905
2019-03-25,1905,1915,1905,244000,1915
2019-03-26,1915,1915,1915,0,1915
2019-03-27,1915,1915,1915,0,1915
2019-03-28,1915,1915,1915,0,1915
2019-03-29,1890,1890,1890,8000,1890
2019-04-01,1890,1890,1890,0,1890
2019-04-02,1890,1890,1890,0,1890
2019-04-03,1890,1890,1890,0,1890
2019-04-04,1900,1900,1900,100000,1900
2019-04-05,1900,1900,1900,205000,1900
2019-04-08,1900,1900,1900,5000,1900
2019-04-09,1900,1900,1900,5000,1900
2019-04-10,1900,1900,1900,60000,1900
2019-04-11,1900,1900,1900,10000,1900
2019-04-12,1900,1900,1900,53000,1900
2019-04-15,1900,1900,1900,0,1900
2019-04-16,1900,1900,1900,0,1900
2019-04-17,1900,1900,1900,0,1900
2019-04-18,1900,1930,1900,1106000,1930
2019-04-19,1930,1930,1930,0,1930
2019-04-22,1930,1930,1930,0,1930
2019-04-23,1930,1930,1930,0,1930
2019-04-24,1930,1930,1930,0,1930
2019-04-25,1930,1930,1930,0,1930
2019-04-26,1900,1900,1900,55000,1900
2019-04-29,1900,1900,1900,0,1900
2019-04-30,1900,1900,1900,0,1900
2019-05-01,1900,1900,1900,0,1900
2019-05-02,1900,1900,1900,0,1900
2019-05-03,1900,1900,1900,0,1900
2019-05-06,1900,1900,1900,0,1900
2019-05-07,1900,1900,1900,0,1900
2019-05-08,1900,1900,1900,0,1900
2019-05-09,1900,1900,1900,0,1900
2019-05-10,1900,1900,1900,22000,1900
2019-05-13,1880,1880,1880,54000,1880
2019-05-14,1807.5,1807.5,1807.5,5000,1807.5
2019-05-15,1807.5,1807.5,1807.5,0,1807.5
2019-05-16,1807.5,1807.5,1807.5,0,1807.5
2019-05-17,1890,1890,1890,5000,1890
2019-05-20,1890,1890,1890,0,1890
2019-05-21,1890,1890,1890,0,1890
2019-05-22,1890,1890,1890,2000,1890
2019-05-23,1890,1890,1890,0,1890
2019-05-24,1890,1890,1890,0,1890
2019-05-27,1890,1890,1890,0,1890
2019-05-28,1890,1890,1890,0,1890
2019-05-29,1890,1890,1890,0,1890
2019-05-30,1890,1890,1890,0,1890
2019-05-31,1890,1890,1890,0,1890
2019-06-03,1890,1890,1890,0,1890
2019-06-04,1890,1890,1890,0,1890
2019-06-05,1890,1890,1890,0,1890
2019-06-06,1890,1890,1890,0,1890
2019-06-07,1890,1890,1890,0,1890
2019-06-10,1890,1890,1890,0,1890
2019-06-11,1890,1890,1890,0,1890
2019-06-12,1797.5,1797.5,1712.5,43000,1715
2019-06-13,1715,1715,1715,0,1715
2019-06-14,1715,1715,1715,0,1715
2019-06-17,1715,1715,1715,0,1715
2019-06-18,1625,1625,1620,15000,1620
2019-06-19,1600,1610,1600,131000,1610
2019-06-20,1602.5,1610,1602.5,41000,1610
2019-06-21,1690,1900,1690,48000,1845
2019-06-24,1857.5,1857.5,1857.5,1000,1857.5
2019-06-25,1997.5,2000,1987.5,19000,1987.5
2019-06-26,1987.5,2000,1900,870000,1997.5
2019-06-27,1950,1950,1950,15000,1950
2019-06-28,1950,1950,1950,0,1950
2019-07-01,1937.5,1937.5,1937.5,3000,1937.5
2019-07-02,1937.5,1937.5,1937.5,0,1937.5
2019-07-03,1700,1700,1700,4000,1700
2019-07-04,1712.5,1712.5,1700,18000,1700
2019-07-05,1702.5,1710,1702.5,2000,1710
2019-07-08,1710,1710,1710,0,1710
2019-07-09,1715,1715,1710,2000,1710
2019-07-10,1715,1715,1712.5,2000,1712.5
2019-07-11,1712.5,1712.5,1712.5,0,1712.5
2019-07-12,1715,1715,1715,1000,1715
2019-07-15,1715,1715,1715,1000,1715
2019-07-16,1715,1715,1715,1000,1715
2019-07-17,1715,1715,1715,0,1715
2019-07-18,1690,1715,1690,8000,1715
2019-07-19,1715,1715,1715,0,1715
2019-07-22,1715,1715,1715,1000,1715
2019-07-23,1715,1715,1715,1000,1715
2019-07-24,1690,1690,1690,3000,1690
2019-07-25,1690,1690,1690,0,1690
2019-07-26,1690,1690,1690,0,1690
2019-07-29,1690,1690,1690,0,1690
2019-07-30,1690,1690,1690,0,1690
2019-07-31,1587.5,1690,1587.5,10102000,1690
2019-08-01,1600,1700,1597.5,10126000,1700
2019-08-02,1695,1705,1690,27000,1705
2019-08-05,1710,1710,1710,100000,1710
2019-08-06,1710,1710,1710,0,1710
2019-08-07,1710,1710,1710,0,1710
2019-08-08,1600,1600,1600,95000,1600
2019-08-09,1697.5,1697.5,1697.5,4000,1697.5
2019-08-12,1697.5,1700,1690,5000,1690
2019-08-13,1690,1690,1690,0,1690
2019-08-14,1690,1690,1690,0,1690
2019-08-15,1690,1690,1690,0,1690
2019-08-16,1690,1690,1690,0,1690
2019-08-19,1640,1640,1640,2000,1640
2019-08-20,1640,1640,1640,0,1640
2019-08-21,1630,1630,1630,1000,1630
2019-08-22,1630,1630,1630,0,1630
2019-08-23,1630,1630,1630,1000,1630
2019-08-26,1630,1630,1630,0,1630
2019-08-27,1630,1630,1630,0,1630
2019-08-28,1630,1630,1630,0,1630
2019-08-29,1630,1630,1630,1000,1630
2019-08-30,1630,1630,1630,0,1630
2019-09-02,1630,1630,1630,0,1630
2019-09-03,1630,1630,1630,50000,1630
2019-09-04,1630,1630,1630,1000,1630
2019-09-05,1700,1700,1700,1000,1700
2019-09-06,1700,1700,1700,0,1700
2019-09-09,1690,1700,1690,11126000,1700
2019-09-10,1700,1700,1700,0,1700
2019-09-11,1700,1700,1700,0,1700
2019-09-12,1700,1700,1700,0,1700
2019-09-13,1700,1700,1700,0,1700
2019-09-16,1700,1700,1700,15000,1700
2019-09-17,1700,1700,1700,117000,1700
2019-09-18,1690,1690,1660,4000,1660
2019-09-19,1660,1660,1660,0,1660
2019-09-20,1660,1660,1660,2000,1660
2019-09-23,1660,1660,1660,0,1660
2019-09-24,1660,1660,1660,3000,1660
2019-09-25,1660,1660,1660,0,1660
2019-09-26,1660,1660,1660,0,1660
2019-09-27,1660,1660,1660,0,1660
2019-09-30,1660,1660,1660,0,1660
2019-10-01,1660,1660,1660,0,1660
2019-10-02,1660,1660,1660,0,1660
2019-10-03,1660,1660,1660,0,1660
2019-10-04,1660,1660,1660,0,1660
2019-10-07,1660,1660,1660,0,1660
2019-10-08,1660,1660,1660,0,1660
2019-10-09,1660,1660,1660,0,1660
2019-10-10,1660,1660,1660,0,1660
2019-10-11,1660,1660,1660,0,1660
2019-10-14,1660,1660,1650,5000,1650
2019-10-15,1650,1650,1650,5000,1650
2019-10-16,1650,1650,1650,0,1650
2019-10-17,1650,1650,1650,0,1650
2019-10-18,1650,1650,1650,0,1650
2019-10-21,1650,1650,1650,0,1650
2019-10-22,1650,1650,1650,8000,1650
2019-10-23,1650,1650,1650,0,1650
2019-10-24,1650,1650,1362.5,10000,1362.5
2019-10-25,1367.5,1367.5,1365,5000,1365
2019-10-28,1365,1365,1365,0,1365
2019-10-29,1367.5,1367.5,1367.5,5000,1367.5
2019-10-30,1367.5,1635,1367.5,38000,1635
2019-10-31,1632.5,1632.5,1375,29000,1375
2019-11-01,1377.5,1400,1377.5,4000,1400
2019-11-04,1410,1410,1325,190000,1325
2019-11-05,1330,1330,1330,132000,1330
2019-11-06,1440,1445,1430,5000,1440
2019-11-07,1440,1440,1440,0,1440
2019-11-08,1440,1440,1440,0,1440
2019-11-11,1440,1440,1160,3000,1160
2019-11-12,1170,1390,1170,2000,1390
2019-11-13,1380,1380,1300,4000,1300
2019-11-14,1300,1300,1210,27000,1210
2019-11-15,1300,1330,1290,46000,1330
2019-11-18,1405,1580,1405,7000,1580
2019-11-19,1550,1550,1510,67000,1510
2019-11-20,1567.5,1567.5,1567.5,5000,1567.5
2019-11-21,1550,1550,1542.5,44000,1542.5
2019-11-22,1542.5,1542.5,1542.5,1000,1542.5
2019-11-25,1542.5,1542.5,1542.5,2000,1542.5
2019-11-26,1530,1530,1500,21000,1500
2019-11-27,1500,1500,1500,50000,1500
2019-11-28,1500,1500,1500,0,1500
2019-11-29,1700,1700,1375,54000,1380
2019-12-02,1380,1380,1380,0,1380
2019-12-03,1380,1480,1322.5,13000,1480
2019-12-04,1480,1480,1480,0,1480
2019-12-05,1480,1480,1480,0,1480
2019-12-06,1480,1480,1480,0,1480
2019-12-09,1480,1480,1480,0,1480
2019-12-10,1480,1480,1480,0,1480
2019-12-11,1480,1480,1480,0,1480
2019-12-12,1480,1480,1480,0,1480
2019-12-13,1480,1480,1450,7000,1450
2019-12-16,1450,1450,1212.5,40000,1212.5
2019-12-17,1222.5,1380,1222.5,13000,1380
2019-12-18,1380,1380,1380,8000,1380
2019-12-19,1380,1380,1380,0,1380
2019-12-20,1380,1380,1380,0,1380
2019-12-23,1380,1640,1380,12000,1640
2019-12-26,1640,1640,1640,0,1640
2019-12-27,1635,1635,1635,1000,1635
2019-12-30,1615,1615,1500,51000,1590
2020-01-02,1590,1590,1590,0,1590
2020-01-03,1555,1555,1555,1000,1555
2020-01-06,1555,1555,1555,0,1555
2020-01-07,1555,1555,1555,10000,1555
2020-01-08,1555,1555,1555,2000,1555
2020-01-09,1555,1555,1555,1000,1555
2020-01-10,1555,1575,1555,12000,1575
2020-01-13,1575,1575,1540,12000,1540
2020-01-14,1540,1540,1540,2000,1540
2020-01-15,1540,1540,1540,2000,1540
2020-01-16,1540,1540,1540,1000,1540
2020-01-17,1520,1520,1520,20000,1520
2020-01-20,1520,1520,1520,0,1520
2020-01-21,1520,1520,1520,1000,1520
2020-01-22,1515,1520,1515,3000,1520
2020-01-23,1520,1520,1520,0,1520
2020-01-24,1517.5,1520,1517.5,105000,1520
2020-01-27,1520,1520,1520,0,1520
2020-01-28,1520,1520,1520,0,1520
2020-01-29,1500,1520,1500,22000,1520
2020-01-30,1520,1520,1520,0,1520
2020-01-31,1520,1520,1520,0,1520
2020-02-03,1520,1520,1520,0,1520
2020-02-04,1520,1520,1520,0,1520
2020-02-05,1520,1520,1520,2000,1520
2020-02-06,1520,1520,1520,0,1520
2020-02-07,1520,1520,1520,1000,1520
2020-02-10,1520,1520,1520,0,1520
2020-02-11,1520,1520,1520,0,1520
2020-02-12,1520,1520,1520,6000,1520
2020-02-13,1520,1520,1520,0,1520
2020-02-14,1520,1520,1520,0,1520
2020-02-17,1520,1520,1520,0,1520
2020-02-18,1520,1520,1520,0,1520
2020-02-19,1520,1520,1520,0,1520
2020-02-20,1520,1520,1520,0,1520
2020-02-21,1520,1520,1520,0,1520
2020-02-24,1520,1520,1520,0,1520
2020-02-25,1520,1520,1520,0,1520
2020-02-26,1520,1520,1520,0,1520
2020-02-27,1520,1520,1520,0,1520
2020-02-28,1520,1520,1520,1000,1520
2020-03-02,1520,1520,1520,0,1520
2020-03-03,1520,1520,1520,0,1520
2020-03-04,1520,1520,1520,0,1520
2020-03-05,1520,1520,1520,1000,1520
2020-03-06,1520,1520,1520,0,1520
2020-03-09,1520,1520,1520,0,1520
2020-03-10,1520,1520,1520,0,1520
2020-03-11,1520,1520,1520,0,1520
2020-03-12,1520,1520,1520,0,1520
2020-03-13,1520,1520,1520,0,1520
2020-03-16,1520,1520,1520,0,1520
2020-03-17,1520,1520,1520,0,1520
2020-03-18,1520,1520,1520,0,1520
2020-03-19,1520,1520,1520,0,1520
2020-03-20,1520,1520,1520,0,1520
2020-03-23,1520,1520,1520,0,1520
2020-03-24,1520,1520,1520,0,1520
2020-03-26,1520,1520,1520,0,1520
2020-03-27,1520,1520,1520,0,1520
2020-03-30,1520,1520,1520,0,1520
2020-03-31,1450,1450,1450,2000,1450
2020-04-01,1450,1450,1450,0,1450
2020-04-02,1450,1450,1450,0,1450
2020-04-03,1450,1450,1450,1000,1450
2020-04-06,1450,1450,1450,0,1450
2020-04-07,1450,1450,1450,0,1450
2020-04-08,1450,1450,1450,0,1450
2020-04-09,1450,1450,1450,0,1450
2020-04-13,1450,1450,1450,0,1450
2020-04-14,1450,1450,1450,0,1450
2020-04-15,1450,1450,1450,3000,1450
2020-04-16,1450,1450,1450,0,1450
2020-04-17,1450,1450,1450,0,1450
2020-04-20,1450,1450,1450,0,1450
2020-04-21,1450,1450,1450,0,1450
2020-04-22,1450,1450,1450,0,1450
2020-04-23,1450,1450,1450,0,1450
2020-04-24,1450,1450,1450,0,1450
2020-04-27,1450,1450,1450,0,1450
2020-04-28,1450,1450,1450,0,1450
2020-04-29,1450,1450,1450,0,1450
2020-04-30,1450,1450,1450,0,1450
2020-05-04,1450,1450,1450,0,1450
2020-05-05,1450,1450,1450,0,1450
2020-05-06,1450,1450,1450,0,1450
2020-05-08,1450,1450,1450,0,1450
2020-05-11,1450,1450,1450,0,1450
2020-05-12,1450,1450,1450,0,1450
2020-05-13,1450,1450,1450,0,1450
2020-05-14,1450,1450,1450,0,1450
2020-05-15,1450,1450,1450,0,1450
2020-05-18,1450,1450,1450,0,1450
2020-05-19,1450,1450,1450,1000,1450
2020-05-20,1450,1450,1450,0,1450
2020-05-26,1450,1450,1450,0,1450
2020-05-27,1450,1450,1450,0,1450
2020-05-28,1450,1450,1450,0,1450
2020-05-29,1445,1445,1445,1000,1445
2020-06-02,1445,1445,1445,0,1445
2020-06-03,1445,1445,1445,0,1445
2020-06-04,1345,1345,1345,2000,1345
2020-06-05,1345,1345,1345,4000,1345
2020-06-08,1345,1345,1345,1000,1345
2020-06-09,1345,1345,1345,0,1345
2020-06-10,1345,1345,1345,1000,1345
2020-06-11,1345,1345,1345,0,1345
2020-06-12,1345,1345,1345,1000,1345
2020-06-15,1345,1345,1345,1000,1345
2020-06-16,1345,1345,1345,3000,1345
2020-06-17,1345,1345,1345,0,1345
2020-06-18,1345,1345,1345,2000,1345
2020-06-19,1345,1345,1345,2000,1345
2020-06-22,1345,1345,1252.5,25000,1252.5
2020-06-23,1442.5,1445,1260,33000,1260
2020-06-24,1260,1410,1260,35000,1260
2020-06-25,1255,1255,1255,1000,1255
2020-06-26,1255,1410,1200,66000,1255
2020-06-29,1255,1255,1252.5,22000,1252.5
2020-06-30,1252.5,1252.5,1252.5,1000,1252.5
2020-07-01,1252.5,1252.5,1247.5,2000,1247.5
2020-07-02,1247.5,1247.5,1247.5,12000,1247.5
2020-07-03,1400,1400,1400,2000,1400
2020-07-06,1400,1400,1350,25000,1390
2020-07-07,1300,1390,1295,34000,1390
2020-07-08,1390,1390,1295,94000,1295
2020-07-09,1295,1295,1227.5,21000,1240
2020-07-10,1300,1300,1240,42000,1287.5
2020-07-13,1280,1287.5,1280,8000,1280
2020-07-14,1250,1275,1192.5,86000,1270
2020-07-15,1200,1200,1182.5,118000,1182.5
2020-07-16,1182.5,1230,1177.5,87000,1180
2020-07-17,1180,1265,1180,73000,1260
2020-07-20,1260,1260,1257.5,40000,1260
2020-07-21,1250,1350,1250,40000,1350
2020-07-22,1330,1350,1325,20000,1350
2020-07-23,1330,1347.5,1260,69000,1347.5
2020-07-24,1345,1360,1345,26000,1360
2020-07-27,1360,1360,1265,88000,1277.5
2020-07-28,1280,1360,1280,17000,1280
2020-07-29,1360,1370,1307.5,8000,1307.5
2020-07-30,1307.5,1355,1307.5,20000,1322.5
2020-08-03,1320,1320,1320,113000,1320
2020-08-04,1335,1350,1335,28000,1350
2020-08-05,1350,1400,1350,75000,1400
2020-08-06,1400,1400,1400,0,1400
2020-08-07,1375,1375,1320,132000,1320
2020-08-10,1320,1320,1315,50000,1315
2020-08-11,1330,1330,1327.5,38000,1327.5
2020-08-12,1327.5,1327.5,1327.5,0,1327.5
2020-08-13,1327.5,1350,1327.5,22000,1350
2020-08-14,1350,1350,1347.5,34000,1347.5
2020-08-18,1360,1360,1340,52000,1340
2020-08-19,1360,1360,1360,4000,1360
2020-08-24,1370,1370,1360,35000,1360
2020-08-25,1375,1375,1310,75000,1310
2020-08-26,1340,1350,1340,5000,1350
2020-08-27,1320,1345,1300,129000,1300
2020-08-28,1280,1290,1250,186000,1250
2020-08-31,1290,1290,1285,15000,1285
2020-09-01,1295,1295,1295,23000,1295
2020-09-02,1290,1290,1260,136000,1260
2020-09-03,1265,1265,1265,3000,1265
2020-09-04,1260,1260,1260,1000,1260
2020-09-07,1260,1260,1200,17000,1200
2020-09-08,1200,1200,1200,13000,1200
2020-09-09,1200,1200,1200,127000,1200
2020-09-10,1200,1280,1117.5,58000,1117.5
2020-09-11,1200,1230,1200,21000,1230
2020-09-14,1260,1260,1250,55000,1250
2020-09-15,1250,1250,1250,4000,1250
2020-09-16,1250,1250,1250,0,1250
2020-09-17,1250,1250,1250,0,1250
2020-09-18,1245,1245,1245,1000,1245
2020-09-21,1265,1265,1250,38000,1265
2020-09-22,1265,1265,1265,1000,1265
2020-09-23,1265,1265,1265,0,1265
2020-09-24,1265,1265,1265,0,1265
2020-09-25,1265,1265,1265,0,1265
2020-09-28,1265,1265,1265,0,1265
2020-09-29,1265,1265,1265,0,1265
2020-09-30,1265,1265,1265,0,1265
2020-10-01,1265,1265,1265,0,1265
2020-10-02,1262.5,1262.5,1262.5,1000,1262.5
2020-10-05,1262.5,1262.5,1262.5,0,1262.5
2020-10-06,1262.5,1262.5,1262.5,0,1262.5
2020-10-07,1262.5,1262.5,1262.5,0,1262.5
2020-10-08,1262.5,1262.5,1262.5,0,1262.5
2020-10-09,1262.5,1262.5,1262.5,0,1262.5
2020-10-12,1262.5,1262.5,1262.5,0,1262.5
2020-10-13,1262.5,1262.5,1262.5,0,1262.5
2020-10-14,1262.5,1262.5,1262.5,0,1262.5
2020-10-15,1237.5,1262.5,1237.5,15000,1262.5
2020-10-16,1262.5,1262.5,1262.5,0,1262.5
2020-10-19,1262.5,1262.5,1262.5,0,1262.5
2020-10-20,1255,1255,1250,13000,1250
2020-10-21,1250,1250,1250,1000,1250
2020-10-22,1250,1250,1250,0,1250
2020-10-23,1250,1250,1250,0,1250
2020-10-26,1250,1250,1250,0,1250
2020-10-27,1245,1245,1245,31000,1245
2020-11-02,1220,1220,1220,10000,1220
2020-11-03,1220,1220,1220,0,1220
2020-11-04,1280,1300,1280,15000,1295
2020-11-05,1295,1350,1295,85000,1350
2020-11-06,1360,1360,1350,10000,1350
2020-11-09,1370,1370,1360,35000,1360
2020-11-10,1380,1380,1375,15000,1375
2020-11-11,1385,1385,1375,32000,1380
2020-11-12,1380,1380,1375,16000,1375
2020-11-13,1380,1450,1370,52000,1450
2020-11-16,1450,1450,1450,0,1450
2020-11-17,1435,1435,1430,21000,1430
2020-11-18,1430,1470,1430,65000,1470
2020-11-19,1470,1470,1470,0,1470
2020-11-20,1470,1470,1470,0,1470
2020-11-23,1470,1470,1470,0,1470
2020-11-24,1467.5,1467.5,1450,55000,1450
2020-11-25,1450,1450,1450,0,1450
2020-11-26,1440,1440,1440,2000,1440
2020-11-27,1535,1550,1535,42000,1550
2020-11-30,1550,1550,1550,28000,1550
2020-12-01,1550,1550,1550,10000,1550
2020-12-02,1550,1550,1550,0,1550
2020-12-03,1585,1585,1575,31000,1585
2020-12-04,1600,1600,1575,5000,1575
2020-12-07,1575,1575,1575,0,1575
2020-12-08,1585,1585,1580,10000,1580
2020-12-10,1580,1580,1580,0,1580
2020-12-11,1585,1585,1585,2000,1585
2020-12-14,1600,1600,1580,90000,1585
2020-12-15,1585,1585,1480,139000,1480
2020-12-16,1510,1520,1470,507000,1470
2020-12-17,1472.5,1500,1400,143000,1490
2020-12-18,1490,1490,1450,11000,1452.5
2020-12-21,1452.5,1452.5,1452.5,0,1452.5
2020-12-22,1452.5,1550,1452.5,20000,1550
2020-12-23,1550,1550,1550,0,1550
2020-12-28,1520,1540,1442.5,807000,1445
2020-12-29,1445,1445,1400,16000,1442.5
2020-12-30,1442.5,1547.5,1417.5,163000,1547.5
2021-01-04,1547.5,1547.5,1547.5,1000,1547.5
2021-01-05,1547.5,1547.5,1545,96000,1547.5
2021-01-06,1547.5,1547.5,1547.5,1000,1547.5
2021-01-07,1547.5,1547.5,1547.5,74000,1547.5
2021-01-08,1547.5,1600,1547.5,30000,1600
2021-01-11,1600,1600,1600,0,1600
2021-01-12,1600,1600,1600,2000,1600
2021-01-13,1590,1590,1590,8000,1590
2021-01-14,1590,1590,1587.5,2000,1587.5
2021-01-15,1570,1600,1525,160000,1600
2021-01-18,1597.5,1597.5,1580,5000,1580
2021-01-19,1560,1560,1550,19000,1550
2021-01-20,1552.5,1580,1552.5,10000,1560
2021-01-21,1560,1560,1560,70000,1560
2021-01-22,1560,1560,1560,0,1560
2021-01-25,1560,1560,1560,0,1560
2021-01-26,1555,1560,1520,4000,1520
2021-01-27,1520,1570,1520,26000,1560
2021-01-28,1560,1560,1470,50000,1470
2021-01-29,1470,1590,1450,120000,1450
2021-02-01,1450,1450,1450,0,1450
2021-02-02,1450,1450,1450,2000,1450
2021-02-03,1450,1450,1450,5000,1450
2021-02-04,1450,1450,1450,1000,1450
2021-02-05,1470,1470,1470,2000,1470
2021-02-08,1467.5,1467.5,1415,20000,1415
2021-02-09,1397.5,1415,1397.5,95000,1397.5
2021-02-10,1400,1400,1400,10000,1400
2021-02-11,1400,1400,1400,0,1400
2021-02-15,1375,1390,1375,3000,1390
2021-02-16,1390,1390,1390,0,1390
2021-02-17,1350,1400,1332.5,33000,1400
2021-02-18,1400,1400,1400,0,1400
2021-02-19,1400,1400,1400,0,1400
2021-02-22,1400,1400,1400,2000,1400
2021-02-23,1400,1400,1302.5,586000,1302.5
2021-02-24,1325,1342.5,1325,25000,1327.5
2021-02-25,1325,1325,1325,3000,1325
2021-02-26,1322.5,1375,1322.5,94000,1350
2021-03-01,1350,1350,1350,0,1350
2021-03-02,1350,1350,1350,0,1350
2021-03-03,1397.5,1397.5,1397.5,3000,1397.5
2021-03-04,1397.5,1397.5,1397.5,4000,1397.5
2021-03-05,1300,1300,1300,54000,1300
2021-03-08,1275,1275,1220,159000,1225
2021-03-09,1225,1300,1225,94000,1300
2021-03-10,1300,1300,1300,5000,1300
2021-03-12,1325,1360,1300,105000,1360
2021-03-15,1360,1360,1300,17000,1300
2021-03-16,1300,1300,1300,1000,1300
2021-03-17,1297.5,1297.5,1297.5,5000,1297.5
2021-03-18,1297.5,1300,1280,5000,1280
2021-03-19,1260,1265,1250,44000,1250
2021-03-22,1250,1250,1250,1000,1250
2021-03-23,1250,1250,1250,6000,1250
2021-03-24,1247.5,1247.5,1247.5,30000,1247.5
2021-03-25,1247.5,1247.5,1247.5,0,1247.5
2021-03-26,1247.5,1247.5,1247.5,0,1247.5
2021-03-29,1247.5,1247.5,1247.5,2000,1247.5
2021-03-30,1247.5,1247.5,1247.5,0,1247.5
2021-03-31,1247.5,1247.5,1247.5,13000,1247.5
2021-04-01,1250,1250,1250,6000,1250
2021-04-05,1250,1250,1245,17000,1247.5
2021-04-06,1247.5,1247.5,1247.5,0,1247.5
2021-04-07,1250,1250,1250,1000,1250
2021-04-08,1250,1250,1250,8000,1250
2021-04-09,1250,1250,1240,12000,1240
2021-04-12,1240,1240,1227.5,9000,1227.5
2021-04-13,1227.5,1227.5,1227.5,2000,1227.5
2021-04-14,1250,1250,1200,19000,1202.5
2021-04-15,1202.5,1250,1200,147000,1250
2021-04-16,1250,1250,1230,22000,1230
2021-04-19,1230,1230,1230,15000,1230
2021-04-20,1230,1230,1215,3000,1215
2021-04-21,1207.5,1255,1200,148000,1255
2021-04-22,1250,1260,1250,104000,1260
2021-04-23,1250,1270,1242.5,190000,1270
2021-04-26,1260,1355,1247.5,469000,1340
2021-04-27,1315,1600,1315,541000,1500
2021-04-28,1500,1517.5,1430,477000,1450
2021-04-29,1450,1457.5,1410,366000,1410
2021-04-30,1410,1455,1392.5,386000,1455
2021-05-03,1455,1480,1410,330000,1470
2021-05-04,1470,1470,1405,859000,1430
2021-05-05,1437.5,1440,1407.5,240000,1430
2021-05-06,1472.5,1475,1410,252000,1415
2021-05-07,1415,1430,1415,462000,1430
2021-05-10,1427.5,1432.5,1410,210000,1432.5
2021-05-11,1420,1430,1415,561000,1420
2021-05-17,1422.5,1447.5,1420,495000,1422.5
2021-05-18,1435,1435,1415,562000,1420
2021-05-19,1420,1480,1420,501000,1420
2021-05-20,1422.5,1425,1405,170000,1405
2021-05-21,1405,1455,1405,892000,1440
2021-05-24,1450,1560,1450,1371000,1540
2021-05-25,1550,1595,1502.5,1549000,1515
2021-05-27,1517.5,1572.5,1515,2198000,1517.5
2021-05-28,1530,1542.5,1507.5,2006000,1520
2021-05-31,1500,1500,1415,275000,1415
2021-06-02,1412.5,1450,1345,1034000,1415
2021-06-03,1415,1420,1380,1318000,1382.5
2021-06-04,1385,1387.5,1370,349000,1385
2021-06-07,1385,1387.5,1362.5,547000,1367.5
2021-06-08,1367.5,1377.5,1357.5,166000,1360
2021-06-09,1362.5,1385,1360,368000,1360
2021-06-10,1385,1385,1362.5,31000,1362.5
2021-06-11,1385,1445,1380,1376000,1385
2021-06-14,1385,1435,1380,651000,1417.5
2021-06-15,1410,1425,1380,403000,1392.5
2021-06-16,1392.5,1405,1362.5,1135000,1400
2021-06-17,1380,1415,1380,873000,1410
2021-06-18,1402.5,1422.5,1380,1032000,1400
2021-06-21,1382.5,1390,1335,1266000,1375
2021-06-22,1407.5,1410,1372.5,1232000,1380
2021-06-23,1397.5,1412.5,1380,874000,1410
2021-06-24,1415,1415,1370,1040000,1380
2021-06-25,1407.5,1410,1380,1019000,1382.5
2021-06-28,1382.5,1410,1375,323000,1380
2021-06-29,1380,1397.5,1362.5,483000,1365
2021-06-30,1385,1385,1357.5,118000,1360
2021-07-01,1380,1380,1355,97000,1360
2021-07-02,1360,1380,1350,652000,1352.5
2021-07-05,1360,1372.5,1357.5,693000,1360
2021-07-06,1370,1410,1357.5,1775000,1395
2021-07-07,1395,1395,1352.5,1144000,1380
2021-07-08,1365,1377.5,1355,1259000,1377.5
2021-07-09,1377.5,1377.5,1352.5,783000,1377.5
2021-07-12,1377.5,1390,1365,1320000,1367.5
2021-07-13,1375,1375,1357.5,848000,1357.5
2021-07-14,1382.5,1382.5,1350,791000,1350
2021-07-15,1365,1365,1345,780000,1352.5
2021-07-16,1350,1372.5,1350,795000,1362.5
2021-07-19,1370,1392.5,1362.5,842000,1375
2021-07-21,1375,1407.5,1367.5,1083000,1375
2021-07-22,1370,1397.5,1370,1305000,1380
2021-07-23,1392.5,1400,1372.5,1336000,1385
2021-07-26,1397.5,1402.5,1385,1582000,1387.5
2021-07-27,1400,1410,1390,2166000,1402.5
2021-07-28,1407.5,1410,1397.5,1196000,1410
2021-07-29,1415,1450,1407.5,1883000,1450
2021-07-30,1470,1480,1425,1070000,1440
2021-08-02,1477.5,1477.5,1430,2303000,1440
2021-08-03,1440,1492.5,1435,2090000,1465
2021-08-04,1480,1482.5,1462.5,2573000,1480
2021-08-05,1495,1510,1477.5,2714000,1490
2021-08-06,1490,1500,1475,1973000,1495
2021-08-09,1495,1510,1480,2415000,1497.5
2021-08-10,1500,1505,1475,728000,1500
2021-08-12,1500,1507.5,1482.5,2775000,1507.5
2021-08-13,1507.5,1525,1495,1628000,1500
2021-08-16,1500,1515,1492.5,2043000,1510
2021-08-18,1510,1512.5,1495,969000,1497.5
2021-08-19,1497.5,1502.5,1492.5,1062000,1495
2021-08-20,1490,1500,1450,439000,1492.5
2021-08-23,1492.5,1507.5,1480,1533000,1500
2021-08-24,1500,1500,1482.5,1048000,1482.5
2021-08-25,1485,1502.5,1480,855000,1500
2021-08-26,1500,1500,1480,1173000,1500
2021-08-27,1492.5,1492.5,1480,301000,1482.5
2021-08-30,1480,1495,1470,460000,1470
2021-08-31,1470,1490,1467.5,153000,1482.5
2021-09-01,1482.5,1487.5,1472.5,298000,1480
2021-09-02,1482.5,1500,1477.5,872000,1477.5
2021-09-03,1480,1520,1477.5,1647000,1480
2021-09-06,1500,1500,1477.5,572000,1477.5
2021-09-07,1480,1482.5,1470,293000,1475
2021-09-08,1477.5,1482.5,1470,228000,1475
2021-09-09,1475,1487.5,1397.5,1071000,1410
2021-09-10,1410,1450,1410,106000,1450
2021-09-13,1455,1475,1455,253000,1460
2021-09-14,1465,1490,1465,159000,1477.5
2021-09-15,1485,1500,1477.5,223000,1497.5
2021-09-16,1520,1520,1495,210000,1507.5
2021-09-17,1505,1512.5,1480,222000,1512.5
2021-09-20,1512.5,1512.5,1485,222000,1510
2021-09-21,1485,1517.5,1480,445000,1517.5
2021-09-22,1515,1520,1495,835000,1520
2021-09-23,1530,1650,1530,541000,1590
2021-09-24,1590,1797.5,1590,1855000,1742.5
2021-09-27,1750,1837.5,1750,2337000,1830
2021-09-28,1850,2180,1850,6034000,2135
2021-09-29,2145,2555,2135,8148000,2540
2021-09-30,2550,3025,2547.5,6473000,2945
2021-10-01,2970,3000,2740,3080000,2740
2021-10-04,2740,3000,2697.5,2930000,2732.5
2021-10-05,2750,2970,2750,3758000,2795
2021-10-06,2815,2922.5,2800,2518000,2885
2021-10-07,2875,2905,2757.5,2654000,2900
2021-10-08,2900,2905,2840,1386000,2870
2021-10-11,2880,2895,2850,767000,2860
2021-10-12,2862.5,2910,2862.5,1060000,2900
2021-10-13,2900,2900,2800,546000,2830
2021-10-14,2827.5,2877.5,2827.5,1590000,2840
2021-10-15,2842.5,2857.5,2835,1409000,2835
2021-10-18,2835,2840,2740,970000,2805
2021-10-19,2805,2805,2760,485000,2770
2021-10-21,2770,2770,2625,677000,2627.5
2021-10-22,2627.5,2627.5,2460,594000,2550
2021-10-25,2560,2650,2560,278000,2640
2021-10-26,2650,2755,2650,832000,2660
2021-10-27,2660,2662.5,2645,357000,2650
2021-10-28,2650,2662.5,2600,733000,2650
2021-10-29,2650,2652.5,2590,708000,2600
2021-11-01,2600,2600,2565,266000,2565
2021-11-02,2562.5,2562.5,2415,300000,2415
2021-11-03,2405,2480,2350,685000,2457.5
2021-11-04,2505,2650,2502.5,373000,2597.5
2021-11-05,2597.5,2620,2595,255000,2600
2021-11-08,2605,2605,2580,514000,2582.5
2021-11-09,2585,2600,2580,692000,2600
2021-11-10,2600,2697.5,2580,667000,2582.5
2021-11-11,2582.5,2600,2580,901000,2597.5
2021-11-12,2597.5,2602.5,2542.5,688000,2600
2021-11-15,2647.5,2647.5,2550,560000,2592.5
2021-11-16,2580,2600,2580,791000,2597.5
2021-11-17,2600,2625,2595,798000,2600
2021-11-18,2600,2600,2580,641000,2590
2021-11-19,2590,2600,2580,306000,2600
2021-11-22,2590,2602.5,2580,841000,2600
2021-11-23,2600,2602.5,2590,717000,2600
2021-11-24,2600,2695,2590,537000,2620
2021-11-25,2640,2640,2615,238000,2635
2021-11-26,2635,2640,2577.5,973000,2625
2021-11-29,2625,2700,2580,862000,2635
2021-11-30,2635,2890,2617.5,781000,2765
2021-12-01,2765,2767.5,2577.5,927000,2765
2021-12-02,2750,2800,2660,811000,2767.5
2021-12-03,2747.5,2750,2682.5,1079000,2720
2021-12-06,2720,2825,2650,719000,2655
2021-12-07,2680,2722.5,2597.5,864000,2597.5
2021-12-08,2597.5,2650,2587.5,1233000,2620
2021-12-09,2620,2650,2587.5,441000,2590
2021-12-10,2590,2650,2585,604000,2650
2021-12-13,2650,2662.5,2640,607000,2652.5
2021-12-14,2652.5,2670,2620,622000,2655
2021-12-15,2657.5,2657.5,2637.5,520000,2640
2021-12-16,2640,2642.5,2600,260000,2600
2021-12-17,2602.5,2700,2602.5,839000,2700
2021-12-20,2702.5,2740,2665,794000,2700
2021-12-21,2700,2700,2637.5,313000,2670
2021-12-22,2670,2700,2650,322000,2700
2021-12-23,2660,2700,2595,133000,2657.5
2021-12-24,2657.5,2690,2647.5,494000,2690
2021-12-27,2690,2700,2690,180000,2690
2021-12-28,2690,2690,2600,294000,2650
2021-12-29,2660,2675,2635,337000,2650
2021-12-30,2650,2700,2630,829000,2700
2022-01-03,2675,2675,2620,944000,2620
2022-01-04,2620,2650,2580,1092000,2650
2022-01-05,2650,2652.5,2625,632000,2642.5
2022-01-06,2640,2697.5,2622.5,782000,2630
2022-01-07,2650,2660,2620,1586000,2625
2022-01-10,2605,2670,2605,930000,2625
2022-01-11,2627.5,2735,2615,497000,2735
2022-01-12,2735,3037.5,2707.5,1251000,2865
2022-01-13,2865,2950,2710,604000,2950
2022-01-14,2950,3050,2890,1187000,3047.5
2022-01-17,3047.5,3375,3045,1023000,3200
2022-01-18,3192.5,3350,3175,519000,3215
2022-01-19,3215,3300,3200,991000,3287.5
2022-01-20,3287.5,3500,3250,1137000,3472.5
2022-01-21,3450,3550,3325,981000,3542.5
2022-01-24,3542.5,3680,3500,1067000,3675
2022-01-25,3675,3720,3600,914000,3692.5
2022-01-26,3692.5,3717.5,3650,1141000,3675
2022-01-27,3675,3900,3675,569000,3790
2022-01-28,3790,3900,3605,1201000,3667.5
2022-01-31,3545,3700,3532.5,497000,3680
2022-02-02,3680,3680,3522.5,246000,3630
2022-02-03,3630,3630,3535,185000,3550
2022-02-04,3550,3750,3550,516000,3732.5
2022-02-07,3750,3970,3700,439000,3810
2022-02-08,3812.5,3812.5,3650,352000,3697.5
2022-02-09,3697.5,3785,3677.5,473000,3750
2022-02-10,3750,3750,3675,210000,3690
2022-02-11,3650,3672.5,3600,307000,3600
2022-02-14,3600,3747.5,3575,301000,3645
2022-02-15,3645,3647.5,3565,151000,3590
2022-02-16,3587.5,3600,3585,68000,3587.5
2022-02-17,3600,3600,3560,230000,3560
2022-02-18,3560,3560,3532.5,297000,3537.5
2022-02-21,3550,3575,3537.5,492000,3537.5
2022-02-22,3537.5,3670,3532.5,484000,3600
2022-02-23,3600,3925,3600,832000,3700
2022-02-24,3700,3752.5,3637.5,947000,3700
2022-02-25,3710,3777.5,3705,451000,3755
2022-03-01,3780,3850,3752.5,539000,3755
2022-03-02,3792.5,3900,3792.5,567000,3895
2022-03-04,3895,4292.5,3895,1007000,4172.5
2022-03-07,4180,4487.5,4180,912000,4295
2022-03-08,4295,4400,4265,850000,4350
2022-03-09,4350,4500,4345,549000,4447.5
2022-03-10,4440,4492.5,4230,860000,4247.5
2022-03-11,4222.5,4390,4010,610000,4010
2022-03-14,4050,4085,3932.5,335000,4017.5
2022-03-15,4017.5,4150,3935,566000,4027.5
2022-03-16,4035,4197.5,3992.5,451000,4000
2022-03-17,3997.5,4100,3890,404000,4090
2022-03-18,4065,4200,4000,614000,4197.5
2022-03-21,4197.5,4200,4115,133000,4140
2022-03-22,4140,4200,4105,399000,4200
2022-03-23,4200,4200,4175,346000,4197.5
2022-03-24,4197.5,4200,4157.5,261000,4162.5
2022-03-25,4162.5,4200,4140,238000,4197.5
2022-03-28,4197.5,4200,4192.5,208000,4197.5
2022-03-29,4197.5,4200,4175,195000,4195
2022-03-30,4195,4200,4150,41000,4172.5
2022-03-31,4172.5,4350,4172.5,1060000,4335
2022-04-01,4340,4350,4307.5,372000,4350
2022-04-04,4350,4390,4300,337000,4380
2022-04-05,4380,4380,4280,54000,4300
2022-04-06,4300,4387.5,4300,231000,4300
2022-04-07,4307.5,4387.5,4295,208000,4307.5
2022-04-08,4307.5,4377.5,4305,159000,4375
2022-04-11,4385,4440,4380,284000,4397.5
2022-04-12,4400,4400,4210,301000,4277.5
2022-04-13,4277.5,4300,4197.5,222000,4300
2022-04-14,4300,4350,4210,291000,4320
2022-04-18,4325,4325,4287.5,308000,4300
2022-04-19,4310,4310,4225,97000,4250
2022-04-20,4300,4337.5,4220,247000,4317.5
2022-04-21,4317.5,4335,4200,153000,4220
2022-04-22,4222.5,4242.5,4200,131000,4230
2022-04-25,4232.5,4232.5,4145,163000,4150
2022-04-26,4150,4332.5,4150,235000,4200
2022-04-27,4200,4297.5,4195,222000,4200
2022-04-28,4225,4280,4195,401000,4250
2022-05-09,4260,4775,4250,712000,4737.5
2022-05-10,4737.5,4985,4500,1211000,4500
2022-05-11,4500,4700,4500,485000,4640
2022-05-12,4800,4800,4450,976000,4450
2022-05-13,4450,4600,4450,288000,4520
2022-05-17,4530,4600,4520,436000,4600
2022-05-18,4600,4700,4597.5,467000,4600
2022-05-19,4600,4670,4542.5,322000,4545
2022-05-20,4547.5,4700,4540,563000,4645
2022-05-23,4655,5300,4655,1538000,5227.5
2022-05-24,5250,5350,5062.5,818000,5177.5
2022-05-25,5177.5,5290,5177.5,632000,5280
2022-05-27,5300,6000,5225,1409000,5440
2022-05-30,5440,5500,5180,702000,5290
2022-05-31,5287.5,5680,5285,245000,5377.5
2022-06-02,5377.5,5500,5375,447000,5417.5
2022-06-03,5440,5455,5392.5,1085000,5450
2022-06-06,5450,5450,5432.5,207000,5437.5
2022-06-07,5430,5450,5420,402000,5437.5
2022-06-08,5437.5,6000,5437.5,370000,5495
2022-06-09,5495,6200,5490,855000,5890
2022-06-10,5945,6700,5945,832000,6600
2022-06-13,6600,6900,6560,1116000,6677.5
2022-06-14,6677.5,6695,6497.5,538000,6677.5
2022-06-15,6652.5,6652.5,6290,336000,6290
2022-06-16,6270,6450,5990,1072000,6437.5
2022-06-17,6437.5,6500,6177.5,808000,6482.5
2022-06-20,6482.5,6482.5,6337.5,287000,6340
2022-06-21,6340,6500,6340,553000,6422.5
2022-06-22,6425,6500,6375,979000,6405
2022-06-23,6405,6480,6297.5,534000,6400
2022-06-24,6400,6500,6397.5,168000,6420
2022-06-27,6425,6500,6380,282000,6490
2022-06-28,6492.5,7122.5,6490,656000,7092.5
2022-06-29,7092.5,7600,7080,452000,7500
2022-06-30,7600,8000,7560,598000,7795
2022-07-01,7797.5,8170,7795,521000,7880
2022-07-04,7880,7990,7520,730000,7950
2022-07-05,8000,8500,7950,556000,8000
2022-07-06,8050,8200,7500,327000,7637.5
2022-07-07,7637.5,7637.5,7300,378000,7325
2022-07-08,7325,7330,6947.5,376000,7045
2022-07-11,7045,7600,7045,433000,7250
2022-07-12,7350,7500,6982.5,452000,7200
2022-07-13,7200,7397.5,7050,517000,7100
2022-07-14,7100,7240,7087.5,120000,7235
2022-07-15,7237.5,7237.5,7050,98000,7112.5
2022-07-18,7112.5,7112.5,6615,782000,6615
2022-07-19,6630,6872.5,6600,302000,6615
2022-07-20,6642.5,6750,6615,191000,6622.5
2022-07-21,6617.5,6657.5,6615,84000,6622.5
2022-07-22,6622.5,6645,6600,184000,6610
2022-07-25,6610,6650,6600,173000,6617.5
2022-07-26,6617.5,6617.5,6600,62000,6605
2022-07-27,6605,6700,6605,157000,6692.5
2022-07-28,6697.5,6850,6670,138000,6800
2022-07-29,6800,6890,6740,161000,6797.5
2022-08-01,6797.5,6890,6640,165000,6810
2022-08-02,6810,6810,6700,98000,6710
2022-08-03,6710,6710,6642.5,265000,6700
2022-08-04,6700,6720,6600,356000,6600
2022-08-05,6597.5,6622.5,6597.5,188000,6610
2022-08-08,6600,6650,6600,222000,6650
2022-08-09,6650,6652.5,6607.5,194000,6650
2022-08-10,6650,6655,6610,106000,6610
2022-08-11,6610,6650,6610,69000,6610
2022-08-12,6650,6750,6605,104000,6610
2022-08-15,6610,6610,6600,113000,6602.5
2022-08-16,6605,6605,6580,88000,6580
2022-08-18,6580,6600,6580,25000,6580
2022-08-19,6585,6585,6557.5,94000,6580
2022-08-22,6580,6580,6507.5,90000,6507.5
2022-08-23,6507.5,6507.5,6400,245000,6417.5
2022-08-24,6417.5,6700,6300,361000,6647.5
2022-08-25,6647.5,6647.5,6547.5,35000,6547.5
2022-08-26,6540,6540,6500,34000,6500
2022-08-29,6500,6500,6415,14000,6415
2022-08-30,6415,6415,6350,130000,6355
2022-08-31,6355,6395,6355,23000,6362.5
2022-09-01,6362.5,6612.5,6362.5,96000,6537.5
2022-09-02,6537.5,6645,6500,155000,6645
2022-09-05,6645,6747.5,6645,278000,6700
2022-09-06,6777.5,6820,6607.5,117000,6800
2022-09-07,6800,6810,6700,70000,6705
2022-09-08,6705,6705,6602.5,89000,6602.5
2022-09-09,6602.5,6602.5,6550,83000,6597.5
2022-09-12,6600,6600,6532.5,113000,6532.5
2022-09-13,6535,6650,6535,39000,6650
2022-09-14,6650,6660,6537.5,80000,6540
2022-09-15,6537.5,6647.5,6537.5,167000,6625
2022-09-16,6897.5,6897.5,6510,122000,6620
2022-09-19,6620,6652.5,6500,178000,6615
2022-09-20,6615,6615,6522.5,30000,6522.5
2022-09-21,6522.5,6530,6510,96000,6530
2022-09-22,6525,6765,6500,185000,6570
2022-09-23,6572.5,6580,6537.5,144000,6540
2022-09-26,6550,6650,6540,225000,6550
2022-09-27,6650,6690,6550,480000,6550
2022-09-28,6550,6700,6550,71000,6697.5
2022-09-29,6697.5,6700,6600,221000,6600
2022-09-30,6600,6700,6552.5,192000,6700
2022-10-03,6700,6700,6600,173000,6612.5
2022-10-04,6612.5,6700,6597.5,332000,6685
2022-10-05,6685,6810,6682.5,301000,6720
2022-10-06,6720,6750,6655,338000,6730
2022-10-07,6730,6787.5,6687.5,297000,6770
2022-10-10,6770,6840,6767.5,273000,6827.5
2022-10-11,6820,6880,6792.5,388000,6877.5
2022-10-12,6880,8000,6880,448000,7095
2022-10-13,7095,7350,7075,303000,7292.5
2022-10-14,7292.5,7450,7152.5,244000,7232.5
2022-10-17,7290,7290,7210,223000,7260
2022-10-18,7262.5,7270,7250,333000,7257.5
2022-10-19,7257.5,7257.5,7100,196000,7187.5
2022-10-20,7180,7185,7120,71000,7120
2022-10-21,7120,7120,7100,169000,7100
2022-10-24,7100,7100,7015,50000,7017.5
2022-10-25,7017.5,7250,7017.5,147000,7050
2022-10-26,7080,7130,7075,160000,7095
2022-10-27,7100,7210,7077.5,424000,7077.5
2022-10-28,7077.5,7255,7077.5,280000,7210
2022-10-31,7280,7400,7280,213000,7350
2022-11-01,7350,7362.5,7280,198000,7300
2022-11-02,7300,7302.5,7262.5,78000,7262.5
2022-11-03,7262.5,7297.5,7187.5,171000,7290
2022-11-04,7290,7290,7280,109000,7290
2022-11-07,7315,7330,7210,157000,7330
2022-11-08,7330,7350,7255,115000,7257.5
2022-11-09,7257.5,7257.5,7230,131000,7232.5
2022-11-10,7232.5,7232.5,7210,538000,7230
2022-11-11,7232.5,7310,7230,145000,7310
2022-11-14,7310,7320,7305,357000,7305
2022-11-15,7305,7397.5,7305,96000,7350
2022-11-16,7350,7687.5,7350,224000,7597.5
2022-11-17,7597.5,8470,7595,282000,8397.5
2022-11-18,8390,8900,8272.5,327000,8630
2022-11-21,8655,9450,8655,517000,9200
2022-11-22,9200,9750,9200,624000,9255
2022-11-23,9255,9700,9255,488000,9450
2022-11-24,9437.5,9700,9125,247000,9300
2022-11-25,9300,9300,9112.5,67000,9145
2022-11-28,9145,9500,9145,113000,9315
2022-11-29,9315,9500,9235,108000,9235
2022-11-30,9240,9312.5,9240,33000,9310
2022-12-01,9310,9700,9310,2600000,9450
2022-12-02,9675,11325,9425,2032000,11325
2022-12-05,11700,13575,11550,1659900,13575
2022-12-06,13600,16275,13575,3473400,14625
2022-12-07,14900,15800,14600,1579300,15225
2022-12-08,15300,15550,14175,1289900,14550
2022-12-09,14550,14700,13550,1314000,13550
2022-12-12,13450,13600,12625,1222000,13000
2022-12-13,13025,13950,13000,956100,13175
2022-12-14,13250,13625,13175,940800,13300
2022-12-15,13350,13350,13000,273800,13175
2022-12-16,13175,13950,13000,675500,13950
2022-12-19,14000,14350,13600,1095100,14150
2022-12-20,14000,16950,13750,2896500,16300
2022-12-21,16325,18500,16300,3483500,18450
2022-12-22,18500,18650,17450,2298000,18050
2022-12-23,18000,18850,17650,1991200,18575
2022-12-26,18550,21700,18500,2805600,20575
2022-12-27,20625,24325,20625,7500800,23400
2022-12-28,23550,24800,21775,5147600,21775
2022-12-29,21775,22775,20275,4600200,20725
2022-12-30,20725,21475,19825,2699500,21000
